Solar,Wind
0,395
0,391
0,395
0,397
0,400
0,402
0,399
0,401
0,399
0,403
0,403
0,406
0,403
0,406
0,409
0,414
0,415
0,416
0,414
0,417
0,422
0,424
0,427
0,431
0,435
0,438
0,434
0,435
0,435
0,441
0,441
0,436
0,440
0,441
0,444
0,445
0,442
0,442
0,439
0,439
0,439
0,436
0,435
0,430
0,430
0,433
0,434
0,440
0,438
0,446
0,451
0,457
0,458
0,460
0,462
0,464
0,462
0,462
0,461
0,461
0,460
0,456
0,456
0,455
0,451
0,449
0,450
0,448
0,446
0,445
0,438
0,433
0,431
0,427
0,421
0,417
0,411
0,406
0,402
0,396
0,391
0,386
0,381
0,380
0,376
0,372
0,367
0,363
0,360
0,357
0,355
0,356
0,350
0,348
0,343
0,344
0,340
0,339
0,338
0,334
0,330
0,326
0,321
0,314
0,308
0,303
0,301
0,297
0,293
0,289
0,288
0,284
0,282
0,277
0,276
0,275
0,272
0,269
0,264
0,260
0,260
0,259
0,258
0,259
0,261
0,256
0,255
0,254
0,252
0,251
0,250
0,247
0,246
0,245
0,242
0,241
0,238
0,234
0,231
0,229
0,229
0,225
0,223
0,222
0,221
0,218
0,218
0,216
0,214
0,214
0,212
0,207
0,209
0,208
0,209
0,209
0,208
0,205
0,202
0,198
0,199
0,198
0,196
0,195
0,195
0,193
0,194
0,192
0,191
0,189
0,190
0,187
0,187
0,188
0,187
0,185
0,182
0,181
0,180
0,179
0,177
0,177
0,174
0,173
0,171
0,171
0,170
0,166
0,166
0,164
0,163
0,164
0,164
0,161
0,161
0,160
0,157
0,158
0,155
0,154
0,152
0,150
0,150
0,148
0,147
0,147
0,145
0,144
0,143
0,141
0,140
0,138
0,134
0,138
0,136
0,134
0,133
0,134
0,132
0,130
0,130
0,128
0,124
0,121
0,120
0,118
0,115
0,114
0,113
0,113
0,111
0,111
0,111
0,111
0,112
0,115
0,118
0,120
0,122
0,124
0,126
0,129
0,130
0,133
0,134
0,137
0,137
0,136
0,137
0,135
0,136
0,134
0,132
0,130
0,126
0,126
0,124
0,123
0,120
0,119
0,118
0,115
0,116
0,117
0,117
0,116
0,114
0,114
0,110
0,110
0,108
0,107
0,105
0,104
0,103
0,100
0,98
0,94
0,91
0,90
0,87
0,84
0,81
0,78
0,79
0,78
0,77
0,74
0,72
0,72
0,71
0,71
0,69
0,68
0,68
0,67
0,64
0,63
0,63
0,62
0,62
0,61
0,60
0,58
0,58
0,57
0,58
0,57
0,55
0,56
0,55
0,55
0,54
0,53
0,53
0,52
0,52
0,52
0,52
0,51
0,50
0,49
0,50
0,50
0,50
0,50
0,47
0,48
0,47
0,49
0,47
0,49
0,47
0,50
0,51
0,47
0,47
1,46
3,46
4,46
8,48
8,49
9,50
11,51
13,50
14,50
16,50
17,47
18,46
19,46
21,46
22,45
23,45
25,44
27,43
28,42
29,42
31,40
32,40
45,40
48,39
55,40
60,40
62,40
67,40
72,40
75,42
79,43
82,42
85,43
91,42
94,43
95,43
96,47
99,46
102,45
107,45
110,45
117,45
125,45
137,48
147,48
156,45
161,49
168,55
173,55
177,52
183,56
188,60
194,59
199,65
206,69
212,65
217,69
222,68
229,67
236,69
242,70
247,73
247,73
260,79
266,81
272,81
279,84
284,85
290,89
296,89
302,92
309,96
316,98
322,100
328,102
335,107
342,109
347,112
353,113
359,116
364,118
368,122
372,124
382,129
387,131
398,130
407,131
417,133
424,134
428,136
437,137
444,137
449,138
454,137
455,135
459,140
466,142
472,144
476,148
482,145
491,146
497,146
503,148
506,150
516,150
522,148
530,147
537,145
542,140
548,141
554,141
554,140
551,138
553,136
560,134
568,134
575,133
583,132
598,133
609,129
619,128
631,128
642,126
655,125
664,124
674,123
685,124
693,122
703,122
711,121
719,122
720,120
729,119
734,121
725,122
720,123
716,121
712,121
702,120
697,121
704,124
715,123
726,122
727,121
752,120
761,118
772,116
781,120
788,121
796,117
805,117
811,117
809,117
811,117
814,114
815,117
819,117
820,117
824,116
827,119
830,120
834,117
839,117
841,119
845,119
848,120
852,118
854,120
856,120
859,118
861,118
862,118
865,122
868,126
868,127
870,123
873,126
873,126
875,128
875,131
877,132
879,133
882,132
885,134
887,136
889,137
893,140
894,142
895,144
899,148
902,148
902,147
904,145
904,149
907,153
904,150
906,150
914,150
915,156
918,163
921,166
923,167
928,170
933,177
936,182
936,183
939,188
941,192
942,199
944,206
947,210
948,219
950,226
951,231
951,242
952,250
952,259
950,266
950,278
952,288
955,285
956,286
959,291
959,298
964,304
959,307
961,315
962,313
961,325
961,332
963,336
964,349
966,351
969,354
971,362
972,367
972,377
975,369
976,377
973,381
974,388
974,397
973,406
975,412
978,414
980,415
981,417
983,417
984,423
984,425
985,431
985,433
981,441
982,450
988,447
988,444
986,443
991,446
993,456
993,454
995,460
996,461
999,465
1000,466
1005,470
1006,467
1008,477
1011,476
1013,471
1013,474
1013,477
1012,486
1013,492
1014,490
1017,488
1020,481
1024,492
1025,493
1029,486
1033,499
1039,511
1040,499
1040,502
1042,508
1044,523
1034,529
1035,527
1034,527
1032,528
1032,540
1030,547
1032,554
1033,556
1036,558
1039,546
1041,542
1043,553
1045,556
1046,557
1046,564
1050,579
1048,568
1052,575
1052,564
1060,573
1063,575
1066,578
1067,567
1071,573
1071,573
1074,585
1077,590
1080,591
1082,587
1083,589
1082,592
1082,605
1081,613
1082,614
1079,618
1077,632
1077,635
1081,629
1084,632
1084,636
1085,651
1084,664
1083,677
1081,684
1081,682
1083,703
1081,694
1079,694
1079,719
1073,718
1060,721
1066,714
1066,734
1067,734
1059,763
1062,759
1058,768
1045,782
1042,780
1043,792
1041,790
1035,808
1029,816
1032,835
1034,831
1033,847
1023,843
1022,842
1017,866
1024,862
1006,875
1017,870
1018,892
1019,918
1019,929
1017,912
1021,924
1032,914
1029,908
1023,913
1031,927
1039,952
1041,958
1045,990
1049,959
1057,969
1050,973
1043,983
1057,984
1066,1001
1058,999
1043,1021
1040,1022
1043,1023
1038,1022
1034,1010
1022,1024
1018,1045
1012,1041
1001,1032
992,1046
995,1078
990,1076
996,1084
995,1090
1002,1077
1019,1080
1026,1110
1029,1109
1032,1112
1026,1118
1013,1128
993,1138
1000,1138
1011,1130
1020,1165
1007,1172
976,1171
975,1175
972,1161
969,1177
963,1187
938,1168
905,1159
888,1187
904,1219
904,1245
903,1259
921,1284
923,1252
917,1298
917,1294
921,1293
921,1292
922,1327
922,1355
910,1319
896,1330
883,1316
894,1326
903,1332
917,1338
932,1344
947,1362
956,1364
961,1374
945,1374
939,1402
927,1403
943,1434
955,1435
947,1451
944,1424
945,1425
944,1411
962,1394
972,1404
977,1396
988,1394
987,1405
976,1399
970,1417
981,1424
988,1415
976,1411
965,1425
944,1395
935,1405
929,1400
928,1404
924,1402
916,1395
916,1408
912,1410
904,1418
911,1402
927,1392
921,1398
906,1393
898,1396
903,1374
895,1394
867,1414
859,1395
821,1384
809,1386
802,1383
811,1376
822,1371
842,1372
850,1354
869,1336
862,1343
877,1351
892,1331
919,1344
923,1323
929,1333
926,1338
934,1347
920,1339
869,1328
859,1301
850,1279
866,1289
879,1277
849,1297
804,1305
753,1279
716,1245
664,1265
642,1262
638,1271
657,1249
674,1262
694,1267
695,1266
712,1267
703,1266
708,1253
710,1274
722,1253
723,1247
764,1265
814,1268
853,1273
843,1288
817,1260
771,1245
784,1253
767,1245
755,1249
744,1227
731,1245
729,1230
725,1264
710,1273
692,1290
677,1267
668,1257
671,1248
693,1255
692,1239
684,1227
682,1232
690,1249
689,1242
696,1241
697,1231
727,1226
771,1225
823,1226
853,1220
866,1214
853,1206
832,1207
833,1202
844,1214
846,1200
869,1197
904,1221
928,1212
937,1226
975,1251
976,1244
974,1230
964,1223
959,1213
971,1206
979,1197
957,1178
960,1200
961,1210
961,1210
905,1213
872,1232
840,1230
783,1214
702,1210
679,1199
697,1197
716,1184
725,1173
737,1166
745,1156
759,1166
770,1176
789,1178
814,1169
818,1165
811,1176
802,1175
793,1167
824,1158
807,1150
809,1158
819,1147
830,1151
835,1171
831,1174
864,1185
902,1139
925,1148
924,1134
901,1126
903,1134
890,1110
877,1146
880,1153
862,1145
846,1125
846,1127
830,1135
835,1126
812,1102
800,1092
807,1093
828,1099
846,1091
884,1105
876,1107
912,1125
930,1116
932,1132
920,1131
919,1122
917,1148
922,1159
916,1165
923,1157
926,1155
924,1147
920,1145
926,1158
918,1159
907,1176
897,1167
887,1200
875,1187
883,1193
890,1195
895,1194
889,1198
889,1206
884,1243
886,1215
889,1200
903,1219
899,1246
900,1256
896,1256
894,1265
880,1253
874,1258
883,1250
888,1277
884,1273
891,1259
893,1248
886,1243
867,1248
836,1254
836,1248
847,1262
842,1266
854,1238
867,1243
881,1237
883,1241
894,1235
879,1241
873,1261
869,1260
873,1277
855,1297
849,1302
833,1303
827,1286
819,1299
817,1279
820,1279
843,1273
844,1281
871,1303
865,1304
871,1299
861,1291
870,1311
866,1294
855,1293
834,1279
818,1274
809,1274
801,1282
787,1266
765,1267
747,1255
729,1266
716,1276
688,1269
674,1293
652,1288
634,1283
617,1268
610,1265
614,1266
628,1279
635,1288
635,1290
648,1296
657,1273
667,1284
661,1289
662,1281
662,1276
666,1289
667,1275
671,1284
674,1273
682,1294
683,1306
692,1312
689,1285
704,1269
702,1250
693,1249
684,1250
680,1237
681,1229
679,1211
670,1230
666,1228
662,1239
663,1219
653,1221
651,1217
646,1223
650,1235
647,1247
644,1219
648,1213
652,1214
656,1201
653,1201
657,1202
657,1228
655,1233
653,1240
647,1257
644,1261
633,1256
623,1255
623,1255
625,1255
623,1238
624,1237
622,1245
646,1271
642,1239
658,1244
653,1239
675,1257
672,1252
687,1252
685,1245
709,1235
709,1238
708,1238
708,1239
707,1225
705,1229
699,1226
702,1198
704,1200
701,1182
697,1185
693,1182
687,1186
679,1178
677,1178
670,1183
663,1178
651,1172
648,1161
643,1135
639,1119
636,1107
634,1106
630,1116
632,1102
626,1091
632,1079
637,1052
638,1036
638,1010
640,1034
640,1024
638,1035
629,1039
617,1040
601,1048
590,1030
577,1020
570,1010
560,1025
554,1033
549,1070
539,1075
536,1090
534,1106
534,1090
536,1086
533,1099
538,1110
537,1107
541,1124
539,1109
540,1114
538,1119
545,1152
543,1159
533,1154
522,1168
513,1161
506,1169
494,1181
481,1190
472,1212
463,1227
457,1240
448,1248
437,1269
421,1269
406,1257
396,1264
387,1258
376,1266
366,1272
361,1264
354,1281
342,1280
339,1268
332,1274
326,1295
317,1298
308,1306
299,1304
290,1298
280,1308
270,1318
262,1311
257,1329
253,1317
249,1318
245,1326
242,1328
238,1328
234,1315
230,1317
230,1312
224,1301
218,1301
215,1296
206,1304
204,1310
203,1301
201,1295
202,1298
198,1294
194,1288
190,1289
186,1288
181,1270
177,1265
174,1263
170,1274
167,1250
163,1253
159,1231
155,1227
153,1206
151,1194
148,1187
146,1168
144,1158
141,1144
139,1129
138,1116
136,1099
135,1089
132,1082
129,1077
127,1075
124,1082
122,1072
120,1076
118,1075
116,1061
114,1062
111,1044
107,1036
105,1040
103,1042
101,1037
99,1029
97,1023
94,1023
91,1026
89,1025
86,1011
84,1025
82,1021
80,1024
78,1028
75,1028
73,1026
72,1028
69,1020
62,1006
60,992
58,981
55,969
53,969
51,968
49,959
47,953
44,954
42,957
41,957
40,956
38,961
37,963
37,966
36,961
35,967
34,965
34,967
34,966
32,957
32,953
27,951
27,949
26,949
24,946
23,950
22,950
21,949
20,947
19,956
18,953
16,944
14,946
13,954
12,958
10,961
10,961
8,958
6,951
4,950
1,956
0,952
0,950
0,949
0,952
0,949
0,944
0,950
0,945
0,952
0,946
0,946
0,951
0,956
0,953
0,960
0,962
0,962
0,961
0,963
0,963
0,962
0,966
0,968
0,955
0,960
0,958
0,958
0,953
0,959
0,953
0,950
0,956
0,949
0,951
0,951
0,953
0,952
0,954
0,962
0,956
0,951
0,950
0,944
0,938
0,935
0,933
0,927
0,926
0,916
0,920
0,914
0,917
0,916
0,918
0,920
0,918
0,910
0,919
0,926
0,940
0,938
0,940
0,952
0,958
0,962
0,963
0,974
0,984
0,985
0,980
0,983
0,986
0,990
0,988
0,995
0,996
0,994
0,992
0,994
0,993
0,988
0,992
0,994
0,997
0,989
0,984
0,986
0,990
0,987
0,995
0,996
0,993
0,994
0,993
0,994
0,985
0,983
0,996
0,989
0,992
0,982
0,984
0,986
0,983
0,977
0,980
0,963
0,954
0,954
0,963
0,952
0,959
0,953
0,944
0,947
0,944
0,941
0,936
0,937
0,933
0,931
0,928
0,928
0,925
0,927
0,914
0,920
0,914
0,916
0,917
0,909
0,907
0,908
0,906
0,917
0,908
0,903
0,899
0,892
0,899
0,893
0,896
0,894
0,897
0,882
0,888
0,884
0,885
0,878
0,868
0,869
0,865
0,858
0,855
0,855
0,849
0,851
0,846
0,848
0,841
0,836
0,829
0,830
0,825
0,830
0,832
0,834
0,835
0,837
0,833
0,828
0,823
0,824
0,827
0,831
0,823
0,831
0,833
0,834
0,841
0,842
0,848
0,849
0,841
0,842
0,835
0,842
0,842
0,850
0,847
0,855
0,854
0,855
0,860
0,870
0,873
0,876
0,863
0,879
0,879
0,867
0,870
0,869
0,870
0,872
0,875
0,880
0,883
0,882
0,878
0,879
0,880
0,880
0,883
0,886
0,892
0,894
0,898
0,905
0,914
0,919
0,918
0,915
0,913
0,917
0,928
0,930
0,941
0,946
0,945
0,954
0,954
0,968
0,969
0,973
0,980
0,982
0,983
0,985
0,989
0,989
0,989
0,994
0,996
0,995
0,992
0,988
0,987
0,990
0,999
0,998
0,1001
0,1002
0,1001
0,1005
0,1013
0,1012
0,1022
0,1025
0,1037
0,1034
0,1044
0,1049
0,1054
0,1064
0,1076
0,1071
0,1074
0,1077
0,1076
0,1080
0,1076
0,1079
0,1081
0,1080
0,1079
0,1087
0,1093
0,1095
0,1090
0,1087
0,1095
0,1100
0,1095
0,1093
0,1098
0,1097
0,1102
0,1107
0,1105
0,1103
0,1106
0,1106
0,1107
0,1109
0,1107
0,1118
0,1119
0,1118
0,1116
0,1114
0,1114
0,1104
0,1107
0,1099
0,1100
0,1094
0,1097
0,1093
0,1097
0,1093
0,1103
0,1098
0,1099
0,1095
0,1097
0,1095
0,1091
0,1080
0,1076
0,1076
0,1068
0,1070
0,1066
0,1066
0,1053
0,1043
0,1037
0,1036
0,1022
0,1027
0,1022
0,1020
0,1023
0,1020
0,1014
0,1010
0,1015
0,1008
0,1005
0,1007
0,1003
0,999
0,1001
0,997
0,995
0,1000
0,996
0,994
0,997
0,994
0,988
0,985
0,985
0,984
0,982
0,983
0,982
0,976
0,980
0,972
0,969
0,968
0,965
0,962
0,970
0,970
0,976
0,989
0,981
0,984
0,972
0,976
0,979
0,990
0,993
0,993
0,1010
0,1012
0,1042
0,1045
0,1054
0,1056
0,1063
0,1060
0,1065
0,1061
0,1077
0,1082
0,1105
0,1118
0,1130
0,1143
0,1150
0,1154
0,1150
0,1153
0,1145
0,1151
0,1153
0,1163
0,1171
0,1178
0,1181
0,1184
0,1204
0,1211
0,1224
0,1216
0,1221
0,1213
0,1217
0,1221
0,1214
0,1212
0,1212
0,1211
0,1211
0,1209
0,1209
0,1212
0,1214
0,1223
0,1228
0,1226
0,1225
0,1235
0,1241
0,1245
0,1254
0,1249
0,1241
0,1240
0,1236
0,1228
0,1220
0,1222
0,1216
0,1216
0,1206
0,1203
0,1198
0,1180
0,1178
0,1167
0,1167
0,1179
0,1172
0,1163
0,1166
0,1158
0,1165
0,1164
0,1164
0,1144
0,1159
0,1147
0,1157
0,1148
0,1143
0,1125
0,1114
0,1104
0,1105
0,1094
0,1085
0,1077
0,1068
0,1062
0,1056
0,1054
0,1044
0,1042
0,1027
0,1021
0,1017
0,1014
0,1010
0,1005
0,997
0,991
0,1001
0,997
0,995
0,996
0,994
0,993
1,989
2,991
4,999
5,987
6,992
6,999
7,995
8,999
9,999
9,996
11,1007
11,994
13,991
14,999
15,1006
16,1008
17,1005
19,1015
20,1008
21,1009
23,1002
23,1012
25,1011
26,1011
31,1004
35,1007
36,1000
39,989
40,984
42,981
49,969
52,964
54,962
55,951
56,943
56,932
58,927
59,927
63,904
67,898
69,892
72,886
73,878
78,868
81,867
82,856
83,850
87,838
89,831
92,821
96,815
100,804
103,803
106,798
109,795
113,789
116,787
117,781
116,770
112,767
110,768
111,757
114,759
120,755
128,747
138,740
145,734
150,729
156,721
163,718
170,713
173,708
177,702
181,698
185,691
187,691
185,687
183,683
188,678
194,671
206,664
216,653
226,646
227,644
230,639
233,628
235,608
235,608
238,603
242,594
243,589
249,590
254,588
258,581
259,586
265,582
270,576
273,573
273,577
274,568
280,554
290,558
295,562
296,561
302,553
308,544
314,543
321,542
332,534
344,535
362,522
374,522
375,516
375,513
375,512
372,510
369,503
373,508
379,501
379,493
390,493
401,489
411,486
412,482
420,474
433,482
446,474
464,472
480,463
486,461
486,453
475,452
467,445
452,438
434,441
410,437
399,431
389,431
383,430
382,433
380,429
385,433
401,425
404,423
419,423
425,418
441,416
445,410
452,402
459,412
468,415
467,409
467,406
466,403
483,387
480,384
481,374
461,371
445,368
428,364
415,358
409,357
405,356
405,356
406,352
407,344
408,343
413,339
421,334
422,338
420,334
413,339
413,339
413,339
413,334
410,339
406,329
408,322
413,316
416,312
420,314
421,315
427,307
431,313
433,310
435,308
440,305
444,311
445,305
447,312
454,311
452,312
449,315
451,315
457,320
457,323
451,321
451,316
461,317
467,318
474,313
470,318
467,319
467,311
468,312
471,309
475,308
476,312
472,314
476,315
483,306
487,306
484,305
484,303
480,303
470,307
467,304
462,297
464,299
461,296
460,297
462,295
459,294
454,295
458,292
458,291
459,290
461,291
467,295
472,286
480,292
485,289
489,285
493,283
498,290
509,283
517,284
521,278
528,273
527,277
525,281
524,283
528,278
530,273
532,274
536,275
542,284
543,287
549,288
553,294
556,293
565,290
575,287
583,295
588,299
594,306
603,309
609,313
609,311
613,316
611,317
615,311
625,314
638,314
651,310
676,312
703,300
724,298
745,293
754,289
759,286
755,288
751,288
753,291
756,297
752,295
759,292
755,297
759,300
765,302
761,302
758,309
762,325
763,322
762,323
763,332
765,339
762,342
763,342
761,342
766,340
770,335
767,340
771,340
770,339
769,334
771,332
772,329
775,334
779,340
779,336
789,334
798,337
806,335
815,338
822,341
828,337
828,335
823,333
826,332
834,329
837,327
846,323
854,321
865,320
879,314
890,319
901,323
914,317
911,328
916,316
902,314
887,318
855,313
827,323
816,330
822,333
830,335
833,353
819,345
804,344
797,346
791,352
785,349
783,350
782,346
777,353
770,353
772,351
776,350
783,356
782,370
786,359
785,363
783,372
764,370
740,379
726,384
699,385
690,382
695,379
701,393
710,403
707,389
724,394
718,403
716,406
717,405
711,409
703,415
703,426
710,419
721,424
722,424
731,436
732,441
767,434
762,449
782,453
779,455
776,448
783,445
785,452
781,467
763,469
745,478
734,494
729,492
729,511
733,504
743,506
750,506
762,522
774,530
776,535
778,545
790,545
789,534
798,554
807,553
822,559
836,559
844,562
848,576
860,593
879,606
883,617
874,625
865,618
873,622
884,634
877,647
866,650
864,638
874,642
889,648
923,650
927,658
953,642
944,654
961,661
955,661
956,664
957,665
957,667
950,679
951,684
950,672
954,685
949,689
948,687
943,697
936,707
942,713
945,706
950,696
957,697
960,735
960,735
961,748
962,745
957,746
961,738
965,761
969,762
956,771
936,773
922,767
914,802
906,829
909,826
907,831
906,832
902,831
905,826
899,821
901,834
900,837
907,827
905,817
909,832
909,825
927,847
919,862
900,853
880,848
879,858
884,862
876,876
877,858
875,843
864,839
863,851
841,846
823,870
805,885
803,880
800,866
799,871
806,869
802,883
775,877
761,880
761,885
760,896
759,895
769,903
759,912
775,928
790,919
777,949
764,945
764,946
736,947
737,970
750,969
754,973
755,976
762,971
754,985
765,984
764,984
768,1002
772,1002
781,1005
778,1022
790,1014
799,1020
806,1036
806,1053
800,1064
802,1042
809,1053
813,1060
818,1051
817,1055
815,1068
798,1092
786,1094
780,1102
778,1128
778,1119
786,1145
789,1162
799,1175
803,1153
806,1161
811,1175
812,1156
812,1169
808,1163
799,1167
792,1171
785,1182
797,1194
789,1209
813,1196
814,1225
837,1225
837,1219
858,1211
863,1216
897,1215
886,1235
888,1237
885,1255
881,1263
897,1261
891,1278
905,1262
900,1265
865,1250
834,1275
809,1274
792,1280
794,1291
804,1278
803,1271
810,1277
811,1268
848,1263
842,1243
854,1252
844,1252
834,1265
834,1299
854,1319
855,1291
851,1297
847,1284
842,1288
842,1285
852,1321
859,1306
851,1326
856,1333
865,1330
875,1333
869,1324
852,1327
839,1341
808,1336
777,1356
745,1372
739,1369
733,1335
747,1330
762,1336
786,1348
796,1345
775,1333
769,1333
778,1325
772,1289
786,1303
791,1288
795,1277
798,1273
806,1268
783,1246
791,1237
771,1230
767,1215
757,1231
793,1234
823,1241
833,1245
821,1243
809,1239
806,1230
794,1235
801,1235
800,1244
797,1245
796,1258
783,1260
774,1271
782,1267
794,1302
788,1309
816,1315
829,1328
853,1331
858,1343
876,1344
861,1361
886,1367
886,1361
906,1364
893,1350
915,1355
914,1354
916,1369
912,1365
906,1365
898,1365
895,1369
891,1351
894,1343
896,1335
900,1345
901,1315
902,1339
891,1350
886,1337
884,1337
909,1306
921,1292
920,1292
893,1261
896,1270
893,1264
904,1256
904,1226
914,1203
914,1193
925,1187
926,1169
939,1203
937,1185
944,1162
928,1150
903,1146
881,1141
866,1151
845,1125
823,1131
788,1119
758,1100
723,1100
710,1098
698,1116
680,1111
657,1142
641,1167
630,1156
633,1144
625,1151
622,1145
612,1121
607,1123
605,1102
597,1088
582,1075
574,1043
584,1037
613,1037
664,1039
668,1033
682,1006
692,1013
700,977
714,960
751,979
790,951
784,943
767,943
736,934
711,944
678,912
647,917
616,929
598,932
592,918
605,904
625,905
641,903
661,909
665,900
674,883
693,874
700,869
733,861
739,850
749,850
754,852
757,839
750,849
741,847
728,848
717,851
685,855
646,856
606,843
582,822
555,815
535,802
517,802
511,825
507,826
514,832
512,819
523,820
524,814
531,801
526,825
536,826
540,823
554,830
555,829
562,846
556,843
556,854
556,860
585,868
569,865
596,843
647,843
687,854
698,839
720,840
734,838
745,834
739,834
743,834
737,842
735,836
738,834
738,821
740,817
745,830
756,829
759,825
755,837
754,842
749,849
744,866
743,856
733,867
692,875
643,884
616,893
613,897
599,901
593,914
585,915
567,929
551,923
565,935
560,936
562,950
514,954
472,963
497,957
501,968
500,979
502,987
498,990
499,975
496,976
497,979
497,973
533,971
543,969
545,965
540,958
532,946
520,935
496,916
453,914
433,909
442,908
456,897
444,891
446,871
426,848
414,846
398,847
384,859
369,852
361,856
351,855
345,851
339,839
335,846
329,840
326,841
322,834
319,848
313,854
309,852
308,873
306,859
301,848
299,852
298,847
296,854
294,854
292,857
286,864
284,855
283,842
285,847
282,852
282,855
280,857
278,845
276,842
274,847
271,855
267,852
262,855
261,851
260,861
259,848
257,844
256,839
255,828
254,839
250,828
252,848
253,835
250,820
246,825
247,824
246,829
245,836
243,833
242,828
239,830
233,829
231,810
229,808
228,808
229,811
228,811
226,815
227,816
225,825
223,828
220,821
218,825
213,820
211,829
208,823
208,825
205,825
202,821
200,826
197,814
198,820
196,827
193,822
188,819
183,822
178,825
173,819
169,818
165,814
161,815
157,818
154,820
150,810
146,827
141,826
138,824
134,824
131,822
127,811
125,820
122,818
119,802
115,805
111,806
108,794
104,805
102,810
100,807
98,811
96,813
94,818
91,816
87,814
85,816
83,812
82,804
80,816
77,818
76,824
74,817
72,816
69,826
67,832
66,832
64,833
62,830
60,828
57,822
56,817
54,811
52,808
50,811
47,811
43,816
41,816
38,812
37,812
35,816
34,818
32,815
31,816
30,820
28,822
25,822
24,817
23,819
21,831
20,825
18,826
17,831
15,835
14,836
13,837
12,843
12,853
11,856
9,856
9,863
7,872
4,872
1,879
0,882
0,887
0,890
0,894
0,903
0,908
0,908
0,912
0,918
0,920
0,920
0,923
0,925
0,927
0,929
0,931
0,941
0,944
0,946
0,937
0,951
0,951
0,950
0,955
0,955
0,962
0,965
0,972
0,970
0,974
0,976
0,978
0,973
0,979
0,975
0,982
0,985
0,984
0,980
0,983
0,982
0,986
0,993
0,992
0,990
0,989
0,993
0,992
0,988
0,991
0,995
0,994
0,991
0,991
0,988
0,988
0,990
0,994
0,997
0,999
0,1004
0,1001
0,1005
0,1002
0,1002
0,1005
0,1005
0,1002
0,1004
0,999
0,991
0,996
0,1001
0,999
0,999
0,1000
0,997
0,1004
0,1007
0,1009
0,1006
0,1007
0,1010
0,1011
0,1008
0,1009
0,1011
0,1008
0,1004
0,998
0,997
0,994
0,995
0,988
0,988
0,978
0,982
0,979
0,976
0,975
0,971
0,974
0,974
0,975
0,973
0,973
0,977
0,972
0,975
0,980
0,972
0,975
0,975
0,975
0,980
0,978
0,984
0,986
0,986
0,984
0,990
0,989
0,992
0,994
0,994
0,997
0,997
0,1002
0,1005
0,1005
0,1005
0,1008
0,1009
0,1008
0,1010
0,1012
0,1014
0,1008
0,1013
0,1016
0,1012
0,1015
0,1017
0,1010
0,1008
0,1008
0,1001
0,1005
0,1006
0,1011
0,1011
0,1003
0,1009
0,1007
0,1013
0,1012
0,1012
0,1016
0,1020
0,1022
0,1020
0,1027
0,1032
0,1036
0,1046
0,1047
0,1052
0,1052
0,1069
0,1071
0,1075
0,1073
0,1084
0,1088
0,1093
0,1095
0,1105
0,1108
0,1113
0,1115
0,1121
0,1118
0,1129
0,1134
0,1137
0,1142
0,1152
0,1153
0,1151
0,1152
0,1155
0,1163
0,1168
0,1172
0,1171
0,1170
0,1170
0,1173
0,1180
0,1180
0,1177
0,1197
0,1203
0,1209
0,1212
0,1207
0,1223
0,1230
0,1240
0,1245
0,1253
0,1269
0,1276
0,1290
0,1293
0,1300
0,1298
0,1308
0,1306
0,1315
0,1320
0,1330
0,1328
0,1333
0,1342
0,1351
0,1353
0,1352
0,1348
0,1362
0,1360
0,1368
0,1374
0,1371
0,1377
0,1390
0,1378
0,1377
0,1377
0,1380
0,1378
0,1381
0,1384
0,1383
0,1383
0,1380
0,1380
0,1383
0,1387
0,1381
0,1393
0,1391
0,1393
0,1398
0,1400
0,1401
0,1401
0,1395
0,1392
0,1391
0,1385
0,1385
0,1385
0,1388
0,1375
0,1375
0,1386
0,1384
0,1384
0,1388
0,1392
0,1384
0,1387
0,1394
0,1392
0,1397
0,1398
0,1395
0,1393
0,1392
0,1395
0,1390
0,1388
0,1382
0,1383
0,1380
0,1381
0,1379
0,1378
0,1377
0,1382
0,1377
0,1384
0,1388
0,1392
0,1394
0,1391
0,1385
0,1384
0,1389
0,1394
0,1392
0,1396
0,1400
0,1407
0,1400
0,1397
0,1392
0,1392
0,1407
0,1409
0,1409
0,1410
0,1404
0,1402
0,1406
0,1392
0,1389
0,1392
0,1387
0,1387
0,1381
0,1386
0,1379
0,1374
0,1365
0,1368
0,1365
0,1367
0,1362
0,1349
0,1350
0,1341
0,1331
0,1323
0,1319
0,1308
0,1293
0,1288
0,1275
0,1273
0,1258
0,1254
0,1253
0,1249
0,1236
0,1218
0,1223
0,1223
0,1222
0,1212
0,1204
0,1199
0,1202
0,1191
0,1191
0,1188
0,1183
0,1175
0,1171
0,1169
0,1164
0,1159
0,1149
0,1144
0,1145
0,1137
0,1136
0,1132
0,1131
0,1127
0,1129
0,1125
0,1119
0,1120
0,1114
0,1107
0,1114
0,1119
0,1115
0,1111
0,1109
0,1105
0,1103
0,1097
0,1097
0,1095
0,1093
0,1084
0,1080
0,1082
0,1082
0,1086
0,1080
0,1080
0,1086
0,1081
0,1084
0,1079
0,1080
0,1077
0,1078
0,1083
0,1082
0,1083
0,1077
0,1081
0,1082
0,1083
0,1090
0,1087
0,1085
0,1090
0,1088
0,1086
0,1089
0,1092
0,1090
0,1092
0,1091
0,1095
0,1093
0,1096
0,1095
0,1100
0,1096
0,1096
0,1090
0,1097
0,1096
0,1103
0,1104
0,1103
0,1101
0,1103
0,1105
0,1113
0,1114
0,1120
0,1132
0,1130
0,1132
0,1138
0,1138
0,1141
0,1145
0,1142
0,1146
0,1148
0,1140
0,1146
0,1149
0,1151
0,1152
0,1152
0,1152
0,1155
0,1153
0,1152
0,1158
0,1156
0,1155
0,1158
0,1155
0,1158
0,1174
0,1168
0,1166
0,1166
0,1167
0,1169
0,1171
0,1163
0,1166
0,1161
0,1162
0,1170
0,1165
0,1162
0,1161
0,1158
0,1157
0,1161
0,1162
0,1161
0,1155
0,1154
0,1153
0,1148
0,1145
0,1149
0,1142
0,1144
0,1143
0,1139
0,1137
0,1136
0,1130
0,1128
0,1127
2,1116
3,1113
7,1109
7,1105
8,1105
10,1102
11,1097
13,1094
15,1088
17,1084
18,1085
20,1082
21,1076
22,1074
25,1068
27,1059
29,1062
31,1054
33,1049
36,1045
44,1041
46,1045
48,1046
52,1047
56,1039
57,1033
59,1035
61,1032
62,1039
65,1037
66,1038
67,1035
71,1036
74,1034
75,1033
74,1036
71,1029
69,1028
70,1031
71,1036
74,1039
78,1038
84,1041
90,1036
95,1043
96,1042
99,1041
101,1038
103,1035
105,1031
105,1036
103,1028
101,1028
103,1028
101,1019
100,1017
99,1019
103,1017
107,1010
109,1008
109,1003
114,1000
122,994
131,994
134,990
147,988
151,990
155,989
157,986
160,976
164,974
172,969
179,962
185,959
185,956
185,954
184,951
189,943
195,941
201,945
207,932
215,927
222,920
221,914
223,908
236,908
259,904
282,889
306,881
344,875
365,873
380,867
388,868
398,862
403,858
404,853
409,847
417,839
420,836
425,827
430,827
438,822
445,818
457,806
465,810
469,800
476,799
485,794
492,792
502,790
517,782
525,779
529,786
535,781
539,773
542,769
549,769
559,759
570,763
581,754
591,753
603,756
614,744
624,738
630,731
637,731
643,718
648,712
650,704
642,698
625,694
612,684
600,685
583,680
576,671
584,650
601,653
616,652
612,649
651,643
697,644
713,641
708,632
691,630
694,626
704,621
715,625
726,617
726,615
727,608
730,615
740,614
745,603
752,601
755,601
757,605
758,601
759,604
757,597
751,595
755,589
756,583
757,581
752,581
745,581
739,583
736,584
737,575
743,585
757,582
758,574
794,576
801,573
806,580
809,575
813,577
815,572
819,574
822,581
828,579
832,581
835,589
832,581
834,586
833,586
831,591
830,593
831,591
831,595
825,598
831,597
834,605
840,602
848,602
850,610
858,598
863,606
871,615
875,618
874,621
865,613
865,608
863,609
863,619
863,620
863,617
862,617
863,613
863,610
864,615
865,610
867,605
871,605
872,599
874,598
875,598
875,596
875,593
878,593
880,592
884,586
888,590
891,587
895,581
898,581
904,580
908,588
915,592
924,583
925,588
928,596
929,588
929,599
931,593
931,597
929,605
928,609
931,603
934,594
938,611
941,611
945,609
946,606
950,611
951,608
946,612
945,623
945,621
942,618
944,625
946,628
946,627
945,630
948,627
951,624
957,636
963,635
969,634
972,640
968,642
973,640
981,644
985,647
986,643
979,654
972,658
965,659
968,669
971,656
977,667
991,676
1001,681
1004,674
1000,667
991,671
986,677
981,673
978,684
980,685
987,687
986,689
980,686
978,686
976,697
977,698
979,706
989,708
996,708
1005,718
1011,716
1015,716
1016,726
1001,725
1004,737
1002,731
996,732
994,745
994,745
995,737
990,755
986,756
976,757
960,776
949,779
962,775
966,768
961,773
951,771
947,780
946,797
939,803
935,813
936,822
943,830
930,839
916,819
907,826
908,833
899,854
869,863
849,853
848,868
845,872
834,883
836,897
845,870
842,877
854,899
860,894
880,886
884,896
881,895
875,891
889,917
897,920
887,916
864,926
864,927
862,923
869,913
863,938
838,944
813,933
819,951
848,946
855,949
849,940
880,943
870,951
847,949
834,934
836,937
835,934
835,952
826,957
834,976
822,1003
857,988
874,1005
901,976
880,965
853,984
853,995
847,993
844,994
831,1005
810,996
808,990
822,999
860,998
899,993
903,999
879,997
861,990
869,982
860,966
854,987
851,981
872,997
890,980
900,986
949,1004
960,988
974,1012
967,999
937,1009
908,1013
880,1022
873,1016
875,1020
884,1019
896,1046
892,1050
913,1035
925,1032
923,1053
916,1051
910,1068
918,1069
941,1056
946,1058
929,1055
930,1069
919,1054
923,1042
937,1056
935,1075
930,1080
899,1079
901,1089
892,1097
888,1110
867,1114
846,1125
859,1136
860,1133
856,1142
884,1146
920,1141
938,1161
939,1147
951,1141
954,1133
926,1145
888,1130
858,1171
815,1142
822,1157
833,1164
827,1149
825,1155
854,1159
857,1174
876,1191
877,1179
873,1166
852,1187
826,1161
845,1183
867,1191
869,1196
856,1178
831,1202
832,1215
824,1199
828,1224
834,1225
857,1229
839,1218
870,1228
855,1251
854,1262
861,1249
861,1251
831,1253
827,1263
828,1270
825,1267
801,1275
834,1260
859,1279
899,1285
916,1288
896,1289
889,1298
885,1300
871,1299
849,1302
828,1315
837,1315
822,1321
853,1331
864,1314
854,1332
839,1329
837,1320
822,1332
832,1337
855,1322
855,1328
860,1311
870,1336
860,1324
877,1311
889,1332
891,1325
861,1331
862,1333
854,1354
857,1330
844,1344
846,1330
851,1354
856,1331
845,1347
875,1341
882,1349
901,1334
892,1350
879,1347
861,1342
858,1342
835,1352
837,1340
854,1356
861,1348
841,1340
846,1357
844,1340
867,1338
824,1319
801,1340
815,1344
827,1351
823,1360
840,1370
836,1362
850,1379
837,1362
844,1377
853,1360
903,1356
924,1379
925,1362
896,1386
871,1395
830,1394
851,1377
861,1383
896,1364
874,1384
920,1398
886,1370
834,1371
839,1365
852,1370
831,1365
818,1361
829,1366
842,1366
853,1344
843,1350
837,1346
833,1353
816,1379
814,1378
815,1348
839,1341
855,1333
892,1332
917,1323
917,1324
891,1322
874,1332
871,1337
863,1323
872,1329
891,1330
870,1332
860,1319
839,1312
827,1316
782,1308
760,1284
761,1274
803,1259
798,1270
846,1292
897,1269
946,1267
948,1236
973,1258
973,1271
956,1291
929,1284
901,1293
890,1302
897,1304
902,1311
917,1317
916,1311
946,1281
960,1276
950,1290
916,1291
893,1285
878,1277
875,1278
879,1301
854,1299
847,1309
870,1323
862,1304
866,1314
878,1309
911,1318
909,1298
914,1316
898,1303
875,1296
876,1299
875,1274
883,1290
921,1294
927,1284
925,1284
923,1283
916,1291
908,1280
890,1287
860,1295
860,1304
861,1282
861,1282
856,1283
856,1291
844,1301
840,1301
843,1301
847,1304
827,1298
818,1277
820,1289
845,1299
844,1290
855,1259
860,1277
904,1278
950,1281
956,1274
951,1278
941,1288
925,1280
881,1287
832,1293
784,1283
775,1260
794,1255
797,1265
770,1276
777,1275
812,1263
832,1262
823,1259
820,1258
837,1286
833,1270
831,1285
827,1286
825,1304
835,1279
842,1271
833,1284
823,1297
809,1293
825,1323
818,1323
819,1322
823,1333
836,1319
848,1326
839,1315
793,1314
751,1316
722,1329
723,1368
749,1386
775,1384
778,1372
814,1388
816,1395
829,1403
831,1432
837,1419
836,1423
779,1421
723,1438
690,1474
670,1492
649,1522
650,1517
638,1517
616,1528
607,1553
593,1546
606,1541
596,1554
566,1525
530,1508
533,1528
537,1538
547,1525
556,1517
562,1520
571,1502
564,1479
554,1479
547,1464
540,1478
551,1470
557,1476
551,1467
539,1479
540,1492
523,1478
537,1455
557,1455
585,1444
615,1419
652,1417
633,1421
633,1421
660,1419
706,1410
711,1392
744,1386
747,1398
763,1386
768,1385
772,1378
751,1372
723,1370
691,1386
660,1397
633,1425
616,1437
634,1440
671,1440
705,1426
760,1431
768,1410
799,1388
794,1389
786,1399
783,1400
779,1418
774,1422
775,1419
772,1420
774,1440
771,1432
779,1452
782,1460
784,1455
785,1457
792,1466
791,1472
793,1472
796,1479
794,1476
788,1485
788,1488
786,1487
786,1477
785,1486
791,1490
792,1469
800,1484
796,1474
760,1475
757,1478
756,1484
737,1484
698,1480
637,1497
577,1526
544,1502
546,1524
551,1529
562,1538
559,1528
572,1526
569,1533
573,1528
574,1531
575,1539
573,1562
571,1567
563,1578
560,1565
560,1545
556,1541
555,1564
572,1534
572,1553
600,1558
604,1528
623,1520
620,1526
619,1523
613,1526
609,1528
606,1542
601,1550
592,1550
582,1556
571,1529
565,1540
557,1543
550,1535
541,1528
531,1514
526,1499
520,1499
513,1512
504,1528
493,1493
483,1476
470,1490
461,1499
454,1514
447,1493
443,1501
440,1485
435,1485
435,1459
436,1452
433,1455
429,1454
425,1451
421,1448
416,1447
411,1453
407,1452
402,1447
398,1444
392,1461
385,1483
376,1471
368,1467
364,1459
356,1456
348,1465
343,1462
336,1466
328,1461
325,1462
318,1449
312,1461
307,1470
303,1466
296,1458
289,1447
283,1460
276,1459
268,1457
260,1453
253,1454
245,1471
236,1461
229,1461
222,1466
216,1457
211,1457
206,1466
202,1476
198,1482
193,1481
190,1508
186,1509
183,1535
178,1531
176,1528
173,1538
170,1536
166,1536
163,1535
158,1545
155,1554
151,1565
148,1565
145,1576
142,1573
139,1605
135,1608
133,1600
131,1606
129,1609
127,1614
126,1615
123,1621
120,1627
117,1627
114,1611
111,1611
110,1615
108,1615
106,1615
103,1622
101,1624
98,1620
96,1634
94,1633
92,1641
89,1642
85,1639
82,1644
77,1648
74,1657
70,1644
68,1652
66,1654
64,1652
61,1639
59,1650
57,1654
54,1640
52,1651
49,1640
47,1642
45,1645
43,1634
42,1635
40,1649
38,1655
35,1668
33,1673
32,1663
30,1678
29,1674
28,1682
26,1684
25,1691
21,1684
20,1688
19,1674
18,1670
16,1664
15,1663
14,1672
14,1665
13,1663
11,1666
10,1666
10,1671
9,1673
8,1667
8,1666
7,1666
4,1666
2,1652
1,1664
1,1662
0,1664
0,1668
0,1678
0,1684
0,1677
0,1682
0,1692
0,1685
0,1682
0,1682
0,1682
0,1692
0,1689
0,1684
0,1690
0,1687
0,1686
0,1690
0,1682
0,1687
0,1687
0,1678
0,1682
0,1674
0,1673
0,1674
0,1671
0,1670
0,1673
0,1684
0,1685
0,1675
0,1673
0,1684
0,1682
0,1671
0,1673
0,1677
0,1671
0,1667
0,1660
0,1671
0,1662
0,1660
0,1666
0,1671
0,1665
0,1680
0,1694
0,1697
0,1699
0,1702
0,1709
0,1714
0,1715
0,1744
0,1754
0,1759
0,1783
0,1796
0,1817
0,1830
0,1826
0,1830
0,1835
0,1847
0,1869
0,1882
0,1890
0,1909
0,1918
0,1919
0,1924
0,1917
0,1912
0,1909
0,1917
0,1919
0,1924
0,1927
0,1929
0,1932
0,1936
0,1934
0,1929
0,1938
0,1952
0,1958
0,1956
0,1962
0,1968
0,1983
0,1980
0,1993
0,1991
0,1994
0,1995
0,2002
0,2010
0,2012
0,2020
0,2017
0,2011
0,2019
0,2014
0,2010
0,2009
0,1995
0,1992
0,1994
0,1995
0,1995
0,1996
0,1985
0,1987
0,1978
0,1965
0,1976
0,1974
0,1970
0,1966
0,1969
0,1960
0,1956
0,1956
0,1952
0,1957
0,1955
0,1945
0,1940
0,1940
0,1941
0,1930
0,1929
0,1925
0,1924
0,1924
0,1922
0,1928
0,1933
0,1946
0,1944
0,1934
0,1933
0,1925
0,1929
0,1932
0,1925
0,1920
0,1918
0,1910
0,1901
0,1894
0,1891
0,1893
0,1889
0,1894
0,1894
0,1885
0,1886
0,1887
0,1884
0,1873
0,1878
0,1886
0,1895
0,1901
0,1904
0,1901
0,1904
0,1908
0,1909
0,1913
0,1927
0,1933
0,1940
0,1947
0,1951
0,1957
0,1958
0,1959
0,1961
0,1957
0,1958
0,1954
0,1954
0,1954
0,1962
0,1955
0,1954
0,1960
0,1955
0,1961
0,1963
0,1960
0,1963
0,1965
0,1961
0,1962
0,1965
0,1962
0,1964
0,1966
0,1971
0,1968
0,1976
0,1977
0,1977
0,1979
0,1978
0,1974
0,1981
0,1982
0,1984
0,1983
0,1985
0,1993
0,1993
0,1992
0,1985
0,1984
0,1991
0,1990
0,1989
0,1990
0,1994
0,1987
0,1988
0,1982
0,1983
0,1978
0,1981
0,1976
0,1976
0,1971
0,1970
0,1972
0,1976
0,1981
0,1982
0,1974
0,1978
0,1982
0,1989
0,1983
0,1985
0,1982
0,1988
0,1982
0,1990
0,1989
0,1991
0,1992
0,1984
0,1987
0,1986
0,1985
0,1984
0,1984
0,1987
0,1979
0,1978
0,1977
0,1978
0,1977
0,1980
0,1979
0,1973
0,1974
0,1974
0,1978
0,1976
0,1977
0,1980
0,1974
0,1976
0,1978
0,1985
0,1991
0,1993
0,1996
0,1989
0,1998
0,2003
0,1998
0,1991
0,1985
0,1995
0,2001
0,1999
0,1990
0,1994
0,1998
0,2000
0,1996
0,1997
0,1999
0,1997
0,2001
0,2000
0,1999
0,1994
0,1996
0,1993
0,1992
0,1988
0,1981
0,1982
0,1985
0,1981
0,1981
0,1974
0,1970
0,1969
0,1964
0,1966
0,1961
0,1967
0,1960
0,1961
0,1956
0,1953
0,1951
0,1949
0,1945
0,1952
0,1950
0,1955
0,1957
0,1958
0,1955
0,1953
0,1953
0,1951
0,1949
0,1950
0,1950
0,1943
0,1943
0,1948
0,1936
0,1940
0,1934
0,1939
0,1933
0,1934
0,1935
0,1936
0,1950
0,1934
0,1935
0,1939
0,1936
0,1933
0,1933
0,1931
0,1936
0,1937
0,1942
0,1940
0,1939
0,1947
0,1938
0,1934
0,1937
0,1935
0,1933
0,1935
0,1931
0,1937
0,1929
0,1943
0,1937
0,1947
0,1940
0,1940
0,1935
0,1939
0,1935
0,1933
0,1933
0,1929
0,1932
0,1930
0,1927
0,1934
0,1930
0,1932
0,1925
0,1928
0,1928
0,1925
0,1922
0,1931
0,1929
0,1925
0,1922
0,1929
0,1926
0,1931
0,1928
0,1934
0,1930
0,1930
0,1938
0,1936
0,1938
0,1931
0,1935
0,1927
0,1927
0,1924
0,1919
0,1920
0,1921
0,1917
0,1921
0,1916
0,1906
0,1908
0,1903
0,1899
0,1901
0,1898
0,1900
0,1894
0,1902
0,1904
0,1897
0,1901
0,1898
0,1897
0,1904
0,1903
0,1898
0,1897
0,1896
0,1901
0,1891
0,1890
0,1894
0,1880
0,1876
0,1878
0,1874
0,1879
0,1868
0,1865
0,1865
0,1864
0,1864
0,1861
0,1859
0,1859
0,1865
0,1859
0,1863
0,1852
0,1841
0,1796
0,1819
0,1809
0,1820
0,1822
0,1821
0,1819
0,1820
0,1819
0,1816
0,1818
0,1815
0,1809
0,1808
0,1799
0,1798
0,1791
0,1790
0,1791
0,1785
0,1787
0,1776
0,1768
0,1766
0,1760
0,1761
0,1757
0,1756
0,1750
0,1750
0,1744
0,1753
0,1748
0,1746
0,1734
0,1729
1,1717
2,1714
3,1705
4,1694
6,1684
7,1676
9,1671
10,1662
12,1665
13,1649
14,1648
16,1646
18,1643
20,1643
21,1635
23,1632
24,1629
25,1624
26,1612
27,1601
36,1595
39,1600
41,1604
43,1610
49,1606
48,1606
53,1602
55,1604
57,1598
61,1598
65,1592
66,1587
68,1586
71,1581
73,1580
77,1587
80,1588
84,1574
87,1571
91,1565
96,1562
101,1567
105,1556
108,1558
113,1550
116,1541
120,1544
123,1535
126,1532
129,1529
132,1530
136,1514
141,1515
145,1504
150,1504
154,1511
159,1508
164,1498
169,1499
175,1493
181,1493
187,1495
192,1492
197,1479
202,1476
208,1466
214,1452
221,1445
227,1450
233,1442
240,1436
247,1432
254,1433
262,1412
268,1401
274,1395
281,1391
287,1378
293,1360
297,1359
304,1348
311,1344
317,1336
325,1331
332,1322
338,1304
344,1305
352,1286
358,1286
362,1273
371,1275
380,1256
388,1260
399,1254
407,1248
412,1239
413,1239
430,1243
436,1233
444,1224
453,1215
462,1201
469,1208
479,1205
488,1212
493,1202
502,1207
508,1207
517,1202
522,1184
532,1181
541,1178
547,1168
557,1158
564,1164
574,1167
582,1166
591,1157
600,1141
607,1148
616,1113
623,1104
631,1097
638,1111
645,1098
651,1090
658,1091
665,1089
671,1072
677,1077
684,1073
691,1074
697,1072
703,1065
709,1058
716,1068
722,1054
728,1054
735,1051
741,1054
748,1053
754,1041
760,1047
765,1031
770,1026
775,1016
781,1015
786,1005
792,1014
796,1001
800,993
804,983
808,967
812,967
816,952
821,947
825,941
831,934
835,932
840,923
841,911
843,904
845,898
847,889
849,877
849,887
851,871
854,871
856,857
860,861
863,855
865,861
866,859
868,859
870,853
872,844
874,838
876,831
879,824
881,811
884,813
887,808
889,803
890,798
889,791
891,791
892,786
895,783
902,788
899,781
901,772
908,776
909,777
911,776
913,777
916,775
918,770
919,755
921,762
924,759
926,756
926,740
926,744
929,737
932,729
936,725
938,727
940,735
941,720
943,718
945,724
946,715
948,719
950,716
950,714
951,710
954,706
956,712
957,712
959,725
960,728
959,726
963,725
964,709
965,706
966,705
967,703
966,694
969,697
969,693
970,693
972,695
973,687
975,676
976,682
977,671
979,683
979,688
977,691
978,690
978,684
980,685
981,684
982,683
981,677
983,671
984,656
986,665
987,660
986,650
988,643
990,646
991,646
989,643
992,647
994,661
996,662
998,663
997,670
994,677
997,673
1000,668
999,662
999,675
1000,668
1004,680
1004,691
1006,688
1004,692
1006,688
1008,693
1009,709
1012,711
1014,693
1015,700
1016,697
1016,699
1019,687
1020,702
1022,695
1024,694
1023,692
1026,694
1027,702
1025,700
1029,697
1029,697
1022,709
1019,709
1024,715
1023,699
1021,690
1022,697
1027,681
1025,699
1027,691
1024,695
1021,698
1019,686
1021,693
1021,711
1021,709
1023,700
1022,690
1018,697
1015,708
1016,696
1010,698
1006,708
1005,706
1003,705
1002,706
1004,690
1011,697
1014,689
1016,700
1015,694
1014,690
1007,688
1004,697
1002,699
1002,682
997,692
1002,696
1002,686
1001,694
1005,689
1002,691
995,680
998,692
999,684
1005,682
1001,694
999,681
997,684
996,673
997,684
994,681
994,673
999,668
1002,676
1011,671
1021,668
1023,663
1023,666
1025,665
1021,659
1019,671
1024,658
1024,650
1033,651
1036,654
1032,672
1032,672
1030,682
1025,674
1019,674
1021,661
1026,668
1035,662
1036,656
1037,666
1032,672
1031,668
1029,655
1034,649
1036,640
1035,645
1032,632
1031,629
1029,630
1034,616
1036,614
1040,618
1039,620
1037,597
1041,592
1045,592
1045,568
1041,580
1035,582
1035,563
1034,573
1039,579
1037,571
1038,570
1039,552
1047,564
1052,560
1053,557
1041,563
1032,557
1030,568
1030,559
1030,552
1032,554
1032,546
1028,527
1023,531
1025,544
1027,530
1028,537
1022,532
1015,543
1011,538
1019,532
1022,527
1022,525
1010,519
1008,523
1016,518
1022,518
1019,504
1025,498
1029,496
1019,481
1002,479
1002,478
1003,486
1001,478
997,487
999,476
997,486
987,487
986,480
985,476
990,471
991,458
982,460
979,462
978,456
985,453
996,454
1004,452
1007,448
1011,440
1008,437
1001,443
1000,452
1000,448
1004,464
1007,453
999,439
991,441
988,440
978,444
976,443
988,430
986,404
967,403
948,408
936,420
917,407
903,408
898,420
902,422
907,412
916,423
933,422
948,414
951,422
949,415
942,403
936,395
923,380
901,373
886,391
894,387
905,380
920,376
918,376
931,381
930,377
926,369
937,368
927,366
912,362
898,363
876,354
851,367
834,361
829,346
822,358
806,359
810,355
826,350
830,356
833,341
815,335
805,340
795,346
791,348
788,341
783,331
781,337
786,351
798,346
805,334
795,330
789,319
791,308
799,303
782,304
776,312
775,323
784,322
777,323
767,319
761,302
767,288
776,295
781,304
775,301
772,301
764,291
764,301
764,305
768,298
759,294
761,285
755,285
749,274
762,294
776,302
768,289
778,296
769,289
760,286
719,281
718,270
722,264
725,263
711,264
717,287
712,284
712,292
710,280
709,280
723,279
736,277
738,288
753,293
759,288
775,279
781,278
784,273
785,275
786,272
774,278
765,277
763,278
766,278
758,269
750,275
739,273
729,270
715,263
706,274
687,260
680,257
669,260
675,261
684,276
692,272
693,271
704,267
703,255
704,261
704,257
696,264
695,264
691,268
695,254
692,247
682,255
670,265
662,261
653,257
654,266
656,277
653,284
657,280
662,282
660,267
653,254
649,252
648,263
653,260
657,261
665,267
663,267
667,259
666,260
665,257
665,256
670,259
676,257
681,260
685,255
682,243
673,247
672,250
665,258
657,261
652,258
641,255
651,247
658,243
661,248
670,254
677,254
685,257
677,255
664,253
646,251
639,250
637,245
643,248
648,252
642,251
640,243
639,251
636,254
637,265
640,264
661,269
664,270
666,276
662,277
659,281
658,278
659,277
659,279
658,278
656,278
659,274
656,273
660,276
659,276
666,280
668,289
668,293
664,292
666,291
668,289
667,298
661,298
657,295
651,299
647,304
638,303
624,307
614,310
626,312
615,309
623,313
615,309
607,309
605,298
614,295
624,292
620,292
603,294
589,300
584,299
577,290
570,282
562,290
562,289
559,288
557,290
563,294
568,285
579,281
584,275
583,273
584,274
586,281
589,275
596,262
596,264
582,268
571,269
557,271
549,263
548,266
544,263
539,263
537,264
536,279
532,281
528,288
521,285
523,283
522,276
521,284
517,284
504,283
497,281
492,298
489,295
490,306
487,309
485,310
485,308
482,311
477,313
467,317
452,315
440,314
437,319
439,330
439,333
438,333
437,335
436,336
432,344
436,348
433,349
466,374
514,376
537,389
543,406
540,413
531,436
521,448
516,458
505,467
491,465
482,499
473,500
463,537
452,546
442,564
434,564
434,582
438,617
430,641
434,639
435,653
433,656
423,667
418,683
405,678
395,693
396,731
399,737
401,780
399,784
397,794
400,796
405,809
402,808
409,802
407,825
409,817
400,825
403,831
402,842
407,843
406,851
408,848
404,846
417,879
419,904
430,922
435,938
423,959
407,972
389,983
377,1019
370,1017
364,1025
360,1027
356,1050
352,1055
346,1064
344,1093
342,1088
331,1099
329,1100
326,1103
322,1098
324,1136
321,1152
323,1165
322,1161
324,1168
322,1173
321,1175
304,1177
295,1199
292,1199
302,1226
303,1222
305,1231
300,1224
296,1231
291,1228
289,1234
288,1240
283,1245
277,1244
278,1260
276,1269
272,1267
267,1258
259,1265
253,1274
247,1301
241,1298
236,1309
232,1312
227,1313
222,1308
216,1301
211,1302
204,1301
198,1302
193,1330
188,1330
181,1323
172,1330
161,1330
156,1339
153,1331
145,1315
140,1339
135,1313
134,1329
133,1333
130,1356
123,1354
121,1362
116,1355
113,1357
109,1359
108,1361
109,1375
107,1366
104,1343
101,1342
100,1342
101,1321
99,1320
95,1332
92,1337
88,1342
86,1334
84,1329
82,1330
80,1312
80,1310
78,1303
76,1302
77,1301
77,1291
77,1297
76,1286
75,1292
73,1276
72,1272
70,1263
68,1245
68,1242
65,1240
64,1227
61,1220
60,1217
58,1218
58,1228
56,1216
56,1214
55,1205
54,1208
52,1197
51,1194
51,1189
50,1183
49,1187
47,1177
46,1181
44,1177
44,1176
43,1178
43,1174
42,1163
41,1155
40,1149
41,1147
40,1161
38,1146
38,1149
37,1152
36,1154
36,1156
35,1159
35,1163
35,1178
34,1184
34,1182
34,1180
34,1192
33,1192
33,1211
32,1212
30,1223
28,1213
25,1217
23,1209
23,1213
22,1218
22,1221
21,1223
21,1219
21,1220
19,1227
19,1216
18,1210
17,1218
17,1221
17,1216
17,1213
16,1209
16,1229
16,1224
14,1244
14,1222
14,1227
14,1238
13,1244
12,1237
11,1240
11,1251
10,1253
9,1260
9,1276
8,1274
8,1288
6,1295
3,1308
0,1309
0,1325
0,1323
0,1321
0,1318
0,1319
0,1330
0,1319
0,1325
0,1338
0,1335
0,1342
0,1343
0,1347
0,1336
0,1362
0,1357
0,1363
0,1378
0,1388
0,1382
0,1391
0,1396
0,1399
0,1402
0,1399
0,1407
0,1407
0,1420
0,1418
0,1421
0,1428
0,1437
0,1433
0,1446
0,1433
0,1440
0,1439
0,1437
0,1450
0,1445
0,1446
0,1463
0,1482
0,1496
0,1499
0,1499
0,1505
0,1498
0,1503
0,1510
0,1524
0,1525
0,1521
0,1525
0,1539
0,1535
0,1538
0,1549
0,1551
0,1558
0,1568
0,1565
0,1570
0,1571
0,1582
0,1595
0,1597
0,1600
0,1601
0,1606
0,1597
0,1605
0,1611
0,1614
0,1610
0,1621
0,1630
0,1638
0,1635
0,1651
0,1656
0,1684
0,1691
0,1704
0,1704
0,1714
0,1728
0,1738
0,1740
0,1751
0,1759
0,1752
0,1765
0,1762
0,1778
0,1764
0,1777
0,1778
0,1781
0,1788
0,1791
0,1793
0,1798
0,1792
0,1799
0,1798
0,1802
0,1797
0,1795
0,1794
0,1793
0,1792
0,1794
0,1800
0,1792
0,1797
0,1801
0,1800
0,1800
0,1802
0,1802
0,1808
0,1814
0,1822
0,1816
0,1816
0,1825
0,1822
0,1818
0,1824
0,1813
0,1821
0,1825
0,1809
0,1806
0,1806
0,1810
0,1804
0,1808
0,1804
0,1812
0,1807
0,1811
0,1795
0,1794
0,1788
0,1790
0,1800
0,1809
0,1825
0,1831
0,1823
0,1832
0,1831
0,1818
0,1812
0,1804
0,1802
0,1799
0,1793
0,1793
0,1795
0,1789
0,1786
0,1785
0,1782
0,1780
0,1769
0,1773
0,1770
0,1763
0,1753
0,1757
0,1757
0,1749
0,1735
0,1729
0,1724
0,1706
0,1707
0,1708
0,1700
0,1708
0,1699
0,1679
0,1682
0,1679
0,1667
0,1683
0,1675
0,1666
0,1664
0,1656
0,1652
0,1655
0,1662
0,1659
0,1649
0,1652
0,1654
0,1646
0,1646
0,1646
0,1638
0,1621
0,1625
0,1615
0,1609
0,1610
0,1611
0,1606
0,1588
0,1586
0,1571
0,1572
0,1557
0,1549
0,1548
0,1561
0,1560
0,1554
0,1545
0,1550
0,1546
0,1558
0,1558
0,1554
0,1557
0,1560
0,1560
0,1555
0,1551
0,1526
0,1531
0,1537
0,1538
0,1541
0,1539
0,1536
0,1520
0,1519
0,1503
0,1508
0,1499
0,1488
0,1473
0,1475
0,1466
0,1464
0,1468
0,1481
0,1471
0,1472
0,1471
0,1466
0,1475
0,1474
0,1473
0,1454
0,1455
0,1467
0,1462
0,1452
0,1454
0,1452
0,1448
0,1443
0,1451
0,1460
0,1450
0,1455
0,1452
0,1455
0,1452
0,1455
0,1455
0,1457
0,1450
0,1453
0,1450
0,1439
0,1438
0,1432
0,1438
0,1424
0,1421
0,1416
0,1405
0,1402
0,1405
0,1401
0,1388
0,1384
0,1386
0,1381
0,1367
0,1366
0,1354
0,1347
0,1344
0,1331
0,1330
0,1325
0,1305
0,1311
0,1308
0,1307
0,1306
0,1299
0,1298
0,1287
0,1278
0,1273
0,1278
0,1276
0,1275
0,1276
0,1280
0,1280
0,1274
0,1260
0,1261
0,1262
0,1262
0,1259
0,1253
0,1244
0,1249
0,1228
0,1223
0,1219
0,1209
0,1203
0,1198
0,1185
0,1185
0,1178
0,1163
0,1159
0,1157
0,1142
0,1138
0,1137
0,1128
0,1133
0,1128
0,1121
0,1118
0,1112
0,1100
0,1090
0,1090
0,1079
0,1080
0,1072
0,1073
0,1067
0,1064
0,1062
0,1055
0,1057
0,1053
0,1060
0,1059
0,1053
0,1049
0,1053
0,1053
0,1044
0,1048
0,1040
0,1034
0,1035
0,1032
0,1025
0,1024
0,1020
0,1024
0,1016
0,1016
0,1019
0,1020
0,1008
0,1004
0,1011
0,1015
0,1009
0,1004
0,1001
0,997
0,985
0,988
0,988
0,977
0,983
0,981
0,972
0,971
0,969
0,969
0,968
0,964
0,960
0,950
0,953
0,949
0,949
0,940
0,932
0,923
0,932
0,924
0,923
0,921
0,918
0,909
0,899
0,900
0,892
0,891
0,878
0,870
0,866
0,866
0,863
0,860
0,858
0,855
0,852
0,852
0,848
0,848
0,833
0,819
0,821
0,814
0,813
0,806
0,803
0,798
0,798
0,798
0,797
0,791
0,791
0,786
0,781
0,780
0,780
0,778
0,771
0,766
0,766
0,761
0,756
0,751
0,753
0,752
0,752
0,751
0,751
0,753
0,752
0,756
0,760
0,763
0,761
0,762
0,756
0,759
0,760
0,764
0,763
0,761
0,762
0,765
0,763
0,766
0,769
0,770
0,767
0,767
0,767
0,765
0,763
0,768
0,765
0,764
0,761
0,766
0,762
0,761
0,749
1,749
3,741
4,731
5,724
7,727
8,724
9,728
10,722
11,718
12,716
13,717
15,712
16,718
18,714
19,714
20,712
22,705
23,697
25,703
26,701
27,697
28,700
30,702
31,704
34,705
36,715
41,729
43,725
45,726
46,720
49,720
51,718
53,718
55,715
56,713
60,711
62,712
64,707
68,701
71,701
76,695
78,691
82,694
84,690
88,694
91,687
94,683
97,682
100,683
102,686
104,682
107,673
110,667
113,660
116,659
119,652
122,648
125,645
129,641
132,636
135,636
137,626
139,629
142,625
145,619
148,616
153,610
158,602
163,598
168,592
172,587
175,588
179,586
183,587
187,594
191,589
197,589
202,582
209,575
215,567
220,570
224,571
226,568
228,562
228,557
229,554
229,553
227,552
226,552
226,542
222,541
218,536
215,532
209,532
206,526
205,521
207,522
209,523
208,513
209,506
211,514
214,508
214,512
213,507
214,507
216,501
219,494
222,498
223,488
222,485
222,475
222,471
222,471
225,463
226,457
228,448
229,444
229,435
234,422
239,423
245,412
251,405
258,398
264,395
271,390
279,380
284,377
289,376
295,370
300,363
303,360
310,351
316,350
324,345
335,338
347,336
359,329
375,331
392,326
411,325
428,321
443,315
460,311
468,307
479,305
481,299
491,295
491,292
540,295
563,296
577,297
592,300
607,299
617,299
623,296
626,297
629,297
633,293
638,293
641,292
645,291
650,289
652,285
655,282
660,281
664,282
669,283
673,280
689,283
696,280
703,277
704,281
709,283
710,282
711,281
714,282
722,285
733,278
741,279
740,276
736,275
733,274
728,268
723,265
724,260
728,258
728,259
731,255
733,251
736,246
739,243
742,241
745,243
745,242
742,237
735,234
731,236
727,236
726,235
719,233
705,232
694,228
687,224
673,223
656,230
644,223
629,225
616,221
609,223
609,220
608,222
605,222
602,218
596,214
594,213
602,213
600,211
601,210
609,210
619,208
619,204
615,200
613,201
606,204
604,199
603,195
624,201
623,201
621,205
622,204
625,206
626,206
627,207
627,206
626,211
628,205
630,205
633,205
632,209
673,206
690,207
694,208
694,202
698,206
712,205
715,199
722,202
726,196
742,201
756,202
799,201
811,202
812,197
813,198
816,203
819,202
821,199
820,197
819,195
817,193
851,195
854,195
856,190
856,192
893,185
904,185
907,182
908,184
942,190
968,193
980,191
989,184
1004,186
1004,186
1009,181
1007,172
1013,171
1014,176
1019,174
1018,177
1017,175
1015,174
1017,168
1017,169
1026,173
1027,170
1021,165
1022,162
1025,165
1024,165
1022,157
1022,168
1023,173
1025,168
1025,169
1025,162
1030,161
1031,164
1034,165
1036,171
1037,170
1038,169
1040,172
1042,171
1043,167
1045,165
1047,167
1048,168
1049,167
1048,167
1051,171
1053,171
1052,170
1053,169
1053,171
1057,168
1064,166
1060,167
1056,174
1055,172
1054,178
1054,176
1051,184
1047,179
1042,179
1038,178
1034,185
1030,181
1031,181
1027,181
1022,186
1023,184
1027,182
1029,181
1029,178
1029,180
1027,176
1024,172
1019,177
1016,179
1011,180
1015,180
1020,185
1022,186
1017,187
1017,188
1019,181
1018,187
1020,187
1023,185
1026,177
1033,180
1039,182
1034,176
1013,171
1009,169
1022,179
1037,175
1044,171
1048,169
1057,173
1060,169
1066,160
1066,167
1067,165
1076,171
1083,175
1074,174
1069,178
1060,168
1046,164
1052,160
1059,159
1062,151
1071,153
1080,153
1065,152
1059,158
1053,152
1040,154
1023,153
1009,151
998,152
985,149
985,141
981,140
977,146
964,145
990,142
985,138
990,136
986,134
1000,134
1003,131
1015,132
1013,134
1016,130
1015,139
1024,137
1022,129
1002,124
984,127
963,131
959,130
957,133
950,132
949,139
938,143
942,137
956,134
961,134
952,134
957,138
961,139
966,140
971,138
979,136
985,126
988,133
1002,137
1013,140
1014,142
1029,139
1029,141
1060,139
1055,144
1060,144
1064,136
1066,133
1073,131
1078,134
1074,138
1067,138
1068,136
1073,133
1074,129
1080,126
1082,127
1066,123
1050,126
1036,124
1018,120
1019,125
1014,118
1020,122
1030,117
1051,116
1056,113
1060,113
1060,118
1064,115
1066,116
1067,116
1070,117
1076,112
1080,114
1080,117
1053,116
1067,110
1063,106
1055,109
1038,106
1029,112
1026,103
1020,105
1028,101
1033,104
1028,104
1026,101
1033,97
1029,97
1038,94
1038,96
1041,94
1049,91
1046,92
1048,90
1045,87
1045,87
1033,89
1016,93
997,87
982,89
972,90
963,90
963,88
962,82
948,81
934,88
926,86
924,88
929,87
938,87
933,85
923,80
898,82
877,80
853,83
846,83
835,80
841,77
831,72
846,73
849,72
860,74
870,72
885,71
885,67
894,62
886,64
885,61
882,61
921,65
921,65
921,65
918,62
937,58
941,61
937,61
927,56
928,60
925,57
922,55
925,53
945,53
953,53
956,55
947,54
934,57
913,58
904,62
889,64
886,58
876,57
864,62
856,61
858,55
845,50
847,50
854,51
878,52
884,51
896,51
909,45
922,42
924,43
952,38
967,39
981,38
981,43
1005,45
1003,41
1006,38
1014,35
1021,33
1017,35
1027,31
1035,34
1047,37
1047,38
1052,37
1055,34
1050,31
1045,31
1041,33
1040,33
1043,30
1044,29
1048,30
1050,31
1039,28
1034,28
1036,25
1032,27
1022,29
1015,31
1015,28
1005,30
994,30
987,27
979,24
975,23
977,24
972,28
977,29
980,26
986,27
981,27
988,27
989,26
988,25
988,25
987,25
979,24
970,24
962,24
968,25
977,27
987,23
985,23
988,23
989,24
991,25
986,26
989,26
982,28
982,27
977,26
972,25
960,26
948,26
947,24
940,23
937,24
935,24
935,26
936,26
953,26
946,25
948,27
980,28
988,31
992,28
1000,27
1009,27
1014,25
1025,26
1028,25
1034,25
1034,24
1035,26
1037,27
1041,27
1039,30
1042,31
1039,31
1033,31
1023,33
1014,34
1005,35
995,37
984,33
968,35
957,37
950,36
952,35
955,35
962,33
959,34
953,34
951,36
950,37
944,37
930,33
931,35
929,36
927,35
924,33
931,32
932,31
933,29
926,28
918,29
916,28
920,26
923,28
927,26
920,27
924,27
922,28
920,28
922,29
916,29
907,29
901,29
897,32
895,33
889,34
887,35
884,34
870,34
868,35
862,34
859,35
858,35
856,38
854,38
850,37
850,39
848,42
850,40
851,40
860,39
862,39
868,40
867,39
875,38
872,38
866,37
867,40
871,38
868,39
870,41
868,43
871,48
872,52
874,55
872,56
874,59
875,68
877,73
878,79
877,80
878,89
876,88
875,90
874,99
874,105
875,109
877,112
876,110
876,113
877,109
879,109
874,106
875,105
878,105
880,102
883,100
885,102
890,98
891,98
894,98
896,98
899,102
898,105
899,104
898,103
901,101
904,102
904,99
908,102
908,98
902,92
898,93
894,96
892,93
883,93
874,94
864,95
857,92
849,90
850,93
847,91
848,91
851,87
855,88
853,89
847,88
842,91
836,90
826,91
814,87
799,87
787,90
780,88
775,86
769,85
765,86
756,83
751,83
751,84
746,82
740,83
733,81
734,78
733,77
733,75
735,75
730,78
722,76
715,76
704,74
690,76
678,77
667,79
655,79
647,78
635,81
620,82
612,78
606,78
598,82
600,81
602,79
598,81
594,87
585,85
576,86
566,89
563,87
564,87
568,84
564,84
554,83
544,83
537,83
530,81
522,82
519,82
518,81
510,80
499,79
489,79
486,79
479,80
476,76
473,76
470,77
463,77
452,78
443,78
437,76
430,75
427,74
423,73
417,74
411,77
402,78
392,77
388,80
381,81
374,82
367,84
364,86
363,91
362,90
357,90
351,92
353,94
361,93
374,95
383,96
386,97
383,98
379,98
368,98
370,98
363,100
357,100
353,98
347,101
343,103
343,103
342,104
341,104
340,107
334,106
327,106
314,105
307,104
299,106
292,105
285,106
279,107
274,107
270,108
265,109
259,108
260,110
260,109
257,109
253,110
250,108
245,106
240,106
238,107
234,108
232,106
229,106
225,104
221,107
216,110
213,108
208,109
203,109
198,110
193,109
187,108
180,111
173,112
166,114
159,113
152,113
147,114
143,115
139,115
136,116
134,119
132,119
130,121
127,122
123,125
120,125
117,126
113,126
109,126
106,127
102,128
99,130
95,129
91,125
89,123
86,123
83,121
80,121
79,123
76,121
75,122
68,125
66,128
63,129
61,130
58,132
55,134
54,134
51,134
47,134
45,132
43,136
40,136
37,133
32,133
30,134
28,133
26,131
24,130
23,132
22,132
21,132
19,133
18,135
17,139
15,144
14,146
12,151
10,157
10,158
9,163
8,170
6,172
2,176
1,178
0,180
0,184
0,191
0,198
0,199
0,206
0,214
0,221
0,225
0,225
0,229
0,237
0,242
0,221
0,222
0,223
0,226
0,226
0,225
0,226
0,225
0,225
0,225
0,234
0,230
0,229
0,235
0,235
0,236
0,239
0,238
0,242
0,244
0,243
0,243
0,245
0,246
0,248
0,252
0,255
0,257
0,259
0,261
0,264
0,263
0,264
0,263
0,266
0,267
0,268
0,274
0,276
0,278
0,280
0,283
0,286
0,292
0,294
0,296
0,299
0,300
0,301
0,302
0,302
0,305
0,311
0,316
0,323
0,322
0,324
0,324
0,322
0,326
0,332
0,334
0,344
0,344
0,346
0,353
0,353
0,358
0,359
0,363
0,367
0,372
0,375
0,378
0,383
0,388
0,395
0,395
0,397
0,403
0,405
0,405
0,408
0,410
0,413
0,416
0,422
0,425
0,429
0,434
0,433
0,434
0,440
0,443
0,440
0,442
0,447
0,449
0,451
0,453
0,454
0,458
0,463
0,465
0,464
0,469
0,471
0,475
0,482
0,481
0,482
0,487
0,490
0,496
0,496
0,498
0,506
0,509
0,516
0,519
0,528
0,536
0,535
0,539
0,540
0,541
0,543
0,547
0,548
0,550
0,554
0,556
0,556
0,563
0,563
0,563
0,570
0,570
0,572
0,573
0,579
0,583
0,589
0,591
0,593
0,606
0,614
0,611
0,615
0,612
0,617
0,622
0,627
0,633
0,634
0,639
0,637
0,634
0,637
0,636
0,644
0,643
0,642
0,639
0,638
0,643
0,646
0,647
0,650
0,652
0,652
0,660
0,657
0,655
0,658
0,662
0,659
0,664
0,669
0,668
0,677
0,674
0,677
0,680
0,687
0,689
0,695
0,685
0,687
0,693
0,681
0,678
0,676
0,674
0,672
0,671
0,673
0,674
0,676
0,674
0,676
0,675
0,676
0,673
0,676
0,676
0,677
0,671
0,672
0,669
0,670
0,668
0,667
0,667
0,667
0,668
0,665
0,663
0,663
0,663
0,660
0,659
0,654
0,651
0,645
0,642
0,640
0,640
0,634
0,631
0,632
0,629
0,627
0,628
0,628
0,629
0,633
0,630
0,627
0,629
0,625
0,629
0,626
0,632
0,631
0,632
0,626
0,624
0,626
0,626
0,629
0,639
0,638
0,637
0,636
0,633
0,639
0,631
0,629
0,623
0,621
0,620
0,621
0,619
0,618
0,615
0,613
0,613
0,610
0,608
0,605
0,605
0,600
0,601
0,597
0,593
0,592
0,589
0,588
0,587
0,585
0,581
0,574
0,575
0,568
0,565
0,563
0,563
0,559
0,561
0,556
0,554
0,550
0,549
0,544
0,542
0,543
0,543
0,542
0,543
0,538
0,535
0,533
0,535
0,530
0,531
0,531
0,534
0,535
0,539
0,536
0,535
0,533
0,536
0,533
0,535
0,532
0,534
0,536
0,535
0,534
0,538
0,542
0,546
0,548
0,554
0,553
0,561
0,565
0,569
0,567
0,570
0,571
0,573
0,573
0,573
0,571
0,572
0,572
0,575
0,572
0,575
0,572
0,571
0,568
0,568
0,568
0,566
0,566
0,564
0,572
0,574
0,575
0,576
0,579
0,581
0,582
0,583
0,582
0,579
0,580
0,579
0,577
0,575
0,577
0,578
0,578
0,579
0,583
0,586
0,586
0,589
0,586
0,587
0,592
0,593
0,593
0,594
0,594
0,593
0,593
0,594
0,596
0,596
0,597
0,599
0,600
0,606
0,606
0,609
0,609
0,609
0,611
0,611
0,609
0,610
0,612
0,614
0,617
0,619
0,618
0,619
0,621
0,624
0,623
0,627
0,635
0,639
0,634
0,638
0,639
0,639
0,642
0,645
0,644
0,650
0,653
0,654
0,658
0,655
0,656
0,652
0,650
0,650
0,653
0,652
0,652
0,652
0,649
0,648
0,646
0,651
0,649
0,647
0,645
0,643
0,638
0,640
0,637
0,635
0,635
0,639
0,640
0,643
0,644
0,650
0,647
0,650
0,646
0,651
0,649
0,661
0,663
0,661
0,662
0,663
0,665
0,666
0,671
0,673
0,674
0,672
0,672
0,673
0,674
0,674
0,673
0,675
0,676
0,678
0,678
0,675
0,673
0,677
0,676
2,678
3,679
6,681
7,679
8,676
8,677
10,677
10,674
11,678
12,675
13,675
14,673
16,673
17,668
18,667
19,661
20,665
22,662
24,667
26,659
27,662
29,662
30,662
31,661
33,671
44,678
46,680
48,681
50,687
53,685
55,686
56,684
58,691
61,689
63,695
66,698
67,703
68,705
71,708
73,707
77,708
80,709
84,709
87,709
92,709
99,703
105,705
111,703
115,703
118,700
123,695
128,696
133,698
139,694
144,695
149,693
155,696
163,693
171,695
179,692
184,690
189,686
193,682
202,677
206,676
211,676
216,678
221,675
227,680
233,681
239,680
244,685
250,683
256,682
261,684
265,680
272,680
279,675
285,675
295,672
302,669
309,669
316,667
324,665
331,666
339,664
346,658
354,659
361,653
370,650
378,651
383,650
392,650
400,648
405,650
413,650
420,645
431,645
435,642
443,639
452,642
457,643
465,639
467,641
476,638
485,640
492,639
500,635
502,631
511,628
516,629
525,627
534,625
538,622
547,620
557,613
562,608
568,604
578,601
589,595
598,589
608,586
617,577
629,573
632,566
637,564
646,563
654,557
661,556
669,547
675,545
681,540
687,536
692,533
699,529
705,525
712,523
717,517
720,514
726,510
735,509
738,506
740,499
747,497
753,489
759,482
764,481
768,477
769,473
777,469
780,471
786,469
785,470
786,468
787,467
788,466
792,463
797,461
803,462
811,462
817,459
823,461
830,460
836,456
841,456
845,453
843,457
847,454
849,452
853,454
853,452
854,450
854,445
859,443
857,439
860,436
865,431
868,427
871,427
875,426
877,422
880,417
882,413
882,409
886,415
885,409
862,408
872,410
870,405
872,408
873,406
876,402
878,397
878,394
884,393
886,390
888,386
889,388
890,391
891,389
894,386
896,388
899,392
902,393
904,399
906,396
909,401
915,398
918,394
918,394
916,393
920,394
926,398
932,398
928,402
927,399
931,399
932,401
937,393
944,400
945,403
944,394
946,396
950,399
946,398
940,407
945,403
949,407
950,403
953,404
954,404
958,409
965,405
962,411
956,419
956,422
959,427
962,422
967,415
970,427
972,430
975,431
973,441
974,444
975,444
979,450
979,451
986,460
988,461
998,462
1002,460
1009,460
1012,465
1012,469
1013,465
1017,462
1019,474
1020,479
1018,479
1017,485
1017,491
982,491
986,488
990,501
992,501
992,503
995,501
1003,507
1001,512
1003,528
1004,528
1004,535
1003,534
1003,548
996,552
996,562
991,563
989,577
985,576
985,588
970,589
974,598
977,609
981,603
983,615
984,630
986,633
990,627
990,642
992,640
996,650
998,654
1000,652
1003,659
1006,668
1010,673
1014,672
1018,680
1020,679
1021,676
1025,682
1029,696
1029,695
1031,685
1032,701
1032,701
1033,702
1038,738
1040,742
1041,758
1042,762
1042,762
1039,774
1038,783
1040,774
1043,773
1043,774
1046,779
1051,780
1055,802
1056,800
1058,793
1057,792
1057,788
1055,803
1055,797
1055,786
1057,817
1058,832
1059,836
1061,826
1063,830
1062,831
1062,844
1059,847
1058,855
1058,851
1056,825
1057,840
1059,852
1060,844
1060,857
1058,862
1058,858
1058,868
1063,882
1067,880
1068,884
1071,881
1071,893
1072,906
1071,919
1067,909
1068,913
1066,920
1065,914
1063,903
1064,918
1065,912
1064,893
1065,894
1066,895
1068,896
1066,915
1064,906
1061,910
1056,919
1052,939
1056,939
1058,947
1056,942
1056,923
1053,910
1052,928
1054,918
1060,941
1054,951
1050,961
1050,969
1048,994
1051,971
1058,979
1059,968
1058,987
1056,977
1059,995
1059,987
1057,1019
1059,1010
1060,998
1060,985
1065,998
1066,991
1067,994
1069,1007
1071,997
1072,991
1073,1001
1074,989
1075,999
1082,1015
1085,1003
1089,1008
1091,1010
1090,1006
1089,977
1090,992
1089,979
1090,990
1090,1022
1090,1033
1089,1041
1089,1033
1091,1043
1093,1025
1089,1024
1087,1028
1084,1028
1083,1025
1083,1012
1080,1026
1080,1027
1082,1020
1082,1024
1082,1013
1081,1029
1076,1032
1073,1049
1072,1040
1073,1047
1072,1065
1073,1062
1073,1055
1075,1060
1077,1064
1078,1071
1074,1052
1071,1064
1069,1071
1069,1063
1070,1075
1071,1077
1072,1071
1078,1063
1082,1075
1084,1085
1082,1096
1083,1115
1065,1112
1066,1122
1064,1109
1062,1132
1061,1142
1060,1143
1056,1135
1054,1108
1056,1137
1062,1097
1065,1115
1068,1117
1068,1102
1069,1076
1069,1088
1069,1102
1070,1094
1068,1105
1068,1118
1066,1135
1067,1124
1066,1135
1067,1113
1067,1105
1069,1110
1071,1111
1070,1115
1071,1128
1072,1137
1069,1153
1071,1135
1077,1119
1077,1127
1074,1129
1071,1121
1071,1152
1067,1158
1062,1153
1067,1159
1068,1150
1062,1138
1060,1176
1054,1163
1051,1176
1050,1172
1050,1187
1052,1197
1052,1217
1050,1200
1052,1183
1045,1195
1043,1215
1038,1226
1036,1242
1038,1223
1035,1226
1035,1192
1034,1203
1030,1193
1031,1210
1030,1231
1030,1250
1027,1276
1029,1256
1027,1259
1025,1264
1032,1274
1036,1256
1040,1256
1041,1250
1041,1285
1040,1280
1031,1263
1030,1256
1025,1248
1025,1267
1018,1268
1018,1289
1016,1295
1012,1319
1012,1319
1010,1312
1009,1309
1009,1303
1011,1288
1016,1270
1018,1279
1024,1271
1022,1294
1026,1291
1028,1310
1029,1312
1028,1307
1030,1323
1032,1339
1032,1338
1032,1302
1032,1310
1032,1323
1034,1333
1037,1346
1040,1358
1042,1358
1029,1368
1023,1346
1021,1372
1018,1357
1021,1382
1024,1383
1026,1407
1027,1402
1029,1406
1029,1423
1030,1434
1033,1439
1034,1442
1035,1443
1037,1432
1038,1444
1040,1473
1041,1498
1040,1534
1042,1538
1044,1569
1044,1552
995,1537
1000,1545
999,1551
998,1558
998,1555
1000,1560
1000,1547
1004,1552
1006,1556
1010,1558
1013,1567
1010,1570
1010,1583
1009,1574
1010,1614
1011,1603
1016,1603
1016,1605
1012,1619
1010,1638
1008,1619
1009,1595
1010,1604
1010,1596
1005,1623
1006,1610
1010,1647
1010,1627
1012,1641
1011,1638
1012,1646
1011,1653
1013,1647
1014,1629
1011,1633
1010,1643
1012,1641
1009,1649
1009,1653
1006,1683
1003,1667
999,1667
1003,1640
1004,1651
1007,1668
1006,1673
1006,1659
1007,1662
1008,1660
1012,1650
1010,1650
1006,1667
1004,1684
1009,1661
1009,1638
1014,1657
1029,1666
1027,1683
1027,1692
1033,1680
1030,1656
1026,1632
1025,1606
1024,1633
1020,1625
1021,1635
1002,1659
1011,1655
1008,1655
1005,1668
1008,1677
1009,1673
1010,1683
1008,1679
1008,1725
1007,1726
1009,1705
1011,1704
1012,1722
1015,1710
1016,1712
1013,1715
1013,1732
1011,1723
1009,1698
994,1696
985,1725
985,1760
985,1768
979,1751
967,1756
970,1761
958,1770
971,1780
958,1772
947,1763
946,1768
946,1803
948,1807
953,1811
954,1804
952,1807
952,1821
952,1825
950,1820
942,1809
938,1819
937,1826
935,1817
932,1827
915,1827
916,1831
919,1850
918,1856
915,1858
911,1860
911,1858
912,1847
921,1840
924,1842
924,1847
929,1840
931,1839
923,1848
921,1851
921,1843
920,1870
921,1858
919,1856
914,1836
911,1831
908,1837
903,1850
891,1843
886,1834
891,1844
894,1832
887,1820
889,1840
894,1830
896,1827
891,1816
890,1816
893,1833
885,1833
882,1834
877,1839
872,1844
869,1830
869,1849
871,1840
869,1846
872,1825
867,1825
870,1821
873,1813
874,1810
872,1826
868,1822
862,1830
864,1842
862,1851
846,1831
835,1842
836,1847
840,1861
840,1843
842,1843
840,1835
839,1821
835,1835
833,1850
832,1839
832,1822
833,1813
837,1818
834,1812
832,1818
831,1832
829,1825
829,1831
829,1849
827,1842
825,1818
827,1825
829,1818
823,1823
828,1844
824,1849
822,1847
820,1855
819,1859
816,1860
816,1865
820,1870
821,1867
816,1866
815,1866
822,1869
822,1875
822,1874
818,1881
814,1886
817,1900
817,1910
817,1922
815,1931
810,1932
807,1921
802,1939
794,1949
792,1966
792,1963
790,1969
789,1983
788,1973
786,1972
785,1973
783,1985
781,1981
778,1987
776,1984
775,1995
770,2002
771,2002
771,2010
771,2031
768,2038
763,2052
761,2058
759,2064
752,2085
748,2081
745,2095
747,2115
743,2149
737,2159
729,2176
721,2190
715,2221
711,2240
706,2249
705,2259
701,2294
695,2301
685,2321
680,2325
672,2342
666,2363
657,2380
653,2379
644,2398
639,2400
629,2418
620,2435
613,2434
601,2456
589,2469
577,2486
566,2491
553,2494
542,2500
533,2494
523,2506
513,2518
508,2532
499,2531
489,2533
487,2531
485,2528
473,2509
461,2501
461,2495
453,2489
442,2478
435,2485
424,2481
417,2456
415,2456
413,2440
408,2440
402,2444
398,2446
390,2451
385,2457
381,2469
376,2483
368,2469
364,2475
360,2473
353,2467
345,2455
341,2450
335,2441
327,2449
323,2450
316,2441
309,2441
305,2434
301,2424
292,2415
283,2427
277,2421
271,2444
267,2449
261,2444
253,2436
248,2434
244,2440
238,2428
234,2428
228,2426
223,2427
217,2423
212,2415
205,2425
198,2417
194,2403
189,2413
184,2398
180,2403
175,2396
171,2398
164,2392
158,2399
154,2396
148,2405
144,2403
139,2407
135,2399
130,2404
126,2414
121,2410
115,2413
111,2418
107,2405
103,2405
99,2400
95,2391
92,2391
86,2398
81,2401
78,2417
74,2422
70,2421
67,2411
64,2410
62,2405
60,2414
56,2413
52,2402
48,2403
45,2408
42,2417
41,2422
39,2426
37,2429
33,2438
26,2444
25,2464
23,2472
23,2483
21,2486
20,2497
18,2499
18,2505
17,2522
16,2529
15,2528
14,2538
13,2541
11,2558
11,2560
10,2572
9,2575
8,2583
6,2593
5,2601
2,2601
0,2618
0,2618
0,2625
0,2634
0,2624
0,2623
0,2619
0,2617
0,2616
0,2615
0,2614
0,2619
0,2622
0,2621
0,2617
0,2630
0,2633
0,2642
0,2636
0,2638
0,2631
0,2628
0,2632
0,2629
0,2629
0,2623
0,2620
0,2618
0,2623
0,2613
0,2601
0,2615
0,2611
0,2597
0,2580
0,2571
0,2558
0,2538
0,2514
0,2500
0,2493
0,2474
0,2469
0,2470
0,2472
0,2468
0,2465
0,2472
0,2478
0,2480
0,2494
0,2522
0,2543
0,2563
0,2565
0,2570
0,2575
0,2586
0,2586
0,2603
0,2594
0,2607
0,2604
0,2593
0,2592
0,2575
0,2578
0,2555
0,2549
0,2531
0,2517
0,2512
0,2509
0,2503
0,2505
0,2496
0,2479
0,2474
0,2464
0,2449
0,2434
0,2436
0,2442
0,2427
0,2418
0,2413
0,2419
0,2417
0,2394
0,2382
0,2381
0,2381
0,2379
0,2370
0,2355
0,2351
0,2339
0,2332
0,2317
0,2304
0,2294
0,2286
0,2291
0,2270
0,2261
0,2244
0,2233
0,2228
0,2212
0,2186
0,2158
0,2143
0,2138
0,2109
0,2101
0,2078
0,2070
0,2069
0,2052
0,2040
0,2024
0,2005
0,1981
0,1972
0,1956
0,1948
0,1943
0,1942
0,1928
0,1926
0,1929
0,1925
0,1917
0,1918
0,1913
0,1902
0,1893
0,1889
0,1882
0,1875
0,1870
0,1870
0,1869
0,1862
0,1860
0,1860
0,1855
0,1852
0,1850
0,1849
0,1851
0,1852
0,1844
0,1854
0,1845
0,1841
0,1839
0,1831
0,1828
0,1821
0,1822
0,1819
0,1811
0,1805
0,1806
0,1808
0,1802
0,1800
0,1797
0,1794
0,1795
0,1792
0,1799
0,1799
0,1798
0,1785
0,1782
0,1775
0,1773
0,1777
0,1764
0,1756
0,1750
0,1747
0,1747
0,1749
0,1741
0,1733
0,1748
0,1741
0,1744
0,1741
0,1738
0,1727
0,1717
0,1715
0,1711
0,1703
0,1686
0,1683
0,1671
0,1663
0,1672
0,1686
0,1688
0,1679
0,1676
0,1679
0,1673
0,1663
0,1653
0,1655
0,1655
0,1670
0,1661
0,1665
0,1659
0,1661
0,1662
0,1651
0,1651
0,1640
0,1654
0,1633
0,1586
0,1567
0,1560
0,1531
0,1526
0,1518
0,1512
0,1500
0,1486
0,1456
0,1444
0,1452
0,1406
0,1414
0,1418
0,1413
0,1399
0,1403
0,1402
0,1414
0,1421
0,1405
0,1397
0,1400
0,1396
0,1394
0,1400
0,1411
0,1408
0,1419
0,1429
0,1451
0,1466
0,1478
0,1483
0,1496
0,1487
0,1491
0,1496
0,1487
0,1480
0,1460
0,1450
0,1437
0,1439
0,1435
0,1438
0,1416
0,1410
0,1405
0,1403
0,1388
0,1389
0,1371
0,1360
0,1350
0,1341
0,1344
0,1344
0,1341
0,1336
0,1330
0,1328
0,1324
0,1309
0,1309
0,1303
0,1298
0,1283
0,1283
0,1283
0,1282
0,1284
0,1281
0,1283
0,1286
0,1275
0,1267
0,1272
0,1271
0,1257
0,1245
0,1249
0,1249
0,1246
0,1243
0,1242
0,1224
0,1244
0,1240
0,1232
0,1225
0,1221
0,1223
0,1223
0,1221
0,1228
0,1225
0,1225
0,1219
0,1228
0,1238
0,1240
0,1230
0,1224
0,1225
0,1223
0,1225
0,1228
0,1244
0,1265
0,1290
0,1309
0,1334
0,1341
0,1362
0,1388
0,1414
0,1418
0,1436
0,1454
0,1479
0,1494
0,1521
0,1530
0,1534
0,1539
0,1537
0,1538
0,1551
0,1543
0,1622
0,1661
0,1689
0,1698
0,1707
0,1687
0,1682
0,1664
0,1665
0,1641
0,1635
0,1614
0,1623
0,1600
0,1586
0,1567
0,1543
0,1521
0,1519
0,1487
0,1469
0,1451
0,1445
0,1438
0,1411
0,1397
0,1375
0,1362
0,1376
0,1376
0,1377
0,1383
0,1379
0,1386
0,1397
0,1398
0,1405
0,1393
0,1389
0,1386
0,1382
0,1371
0,1386
0,1373
0,1365
0,1380
0,1369
0,1367
0,1378
0,1372
0,1371
0,1373
0,1370
0,1352
0,1360
0,1359
0,1368
0,1364
0,1361
0,1373
0,1378
0,1381
0,1386
0,1382
0,1383
0,1375
0,1370
0,1372
0,1353
0,1352
0,1344
0,1336
0,1330
0,1318
0,1315
0,1304
0,1297
0,1298
0,1306
0,1297
0,1289
0,1269
0,1250
0,1246
0,1230
0,1232
0,1206
0,1182
0,1167
0,1159
0,1159
0,1149
0,1144
0,1140
0,1146
0,1146
0,1136
0,1126
0,1132
0,1130
0,1139
0,1133
0,1147
0,1151
0,1160
0,1156
0,1158
0,1152
0,1152
0,1129
0,1132
0,1126
0,1130
0,1135
0,1141
0,1154
0,1169
0,1177
0,1196
0,1222
0,1247
0,1256
0,1272
0,1286
0,1307
0,1323
0,1342
0,1346
0,1361
0,1365
0,1378
0,1376
0,1385
0,1393
0,1406
1,1403
1,1436
1,1455
1,1434
1,1428
1,1497
1,1518
1,1557
1,1569
2,1593
2,1593
2,1595
2,1608
2,1639
2,1638
2,1652
2,1644
2,1647
2,1645
2,1646
2,1648
2,1646
1,1668
1,1673
1,1669
2,1692
2,1700
2,1710
2,1714
2,1751
2,1766
2,1756
2,1755
2,1760
2,1767
2,1770
2,1773
2,1771
2,1782
2,1800
3,1790
3,1807
3,1807
3,1828
4,1830
4,1842
5,1816
5,1817
6,1830
6,1829
6,1834
6,1841
6,1817
6,1814
6,1796
8,1776
10,1781
10,1775
9,1769
10,1768
11,1753
11,1754
12,1744
12,1752
12,1746
12,1745
14,1740
12,1766
13,1774
14,1800
15,1809
14,1819
16,1837
17,1848
18,1853
18,1867
18,1883
16,1869
16,1876
16,1873
22,1869
21,1852
22,1867
24,1856
26,1845
29,1852
28,1847
27,1846
29,1830
30,1823
29,1797
28,1788
24,1783
21,1775
22,1771
22,1743
25,1744
27,1746
27,1736
29,1733
29,1735
29,1718
28,1718
29,1708
31,1699
32,1687
33,1695
33,1700
34,1685
35,1699
36,1690
34,1684
32,1683
32,1686
32,1683
31,1673
30,1676
30,1674
30,1675
31,1691
31,1690
31,1713
32,1732
34,1700
34,1702
33,1717
34,1705
37,1706
40,1706
42,1714
44,1710
45,1733
46,1754
50,1753
50,1770
50,1771
52,1768
52,1781
52,1793
51,1800
51,1806
51,1823
50,1832
47,1840
46,1860
48,1854
49,1888
50,1903
50,1912
50,1917
50,1929
50,1913
50,1912
51,1943
51,1957
51,1951
51,1951
52,1947
52,1969
52,1964
52,1952
52,1950
53,1960
51,1958
52,1956
53,1957
54,1973
56,1966
58,1978
59,1988
59,1990
62,2003
62,1994
63,1976
64,1968
65,1995
66,1951
67,1956
68,1970
68,1967
69,1975
71,1990
71,1989
73,2006
76,2003
82,2018
92,2009
102,2011
102,2005
109,1996
124,2003
130,2024
123,2020
123,2016
102,2019
102,1999
105,1992
102,1975
111,1984
114,1970
99,1961
115,1953
129,1964
133,1951
151,1946
149,1930
151,1931
156,1932
161,1909
156,1885
157,1876
157,1889
154,1896
157,1915
172,1908
181,1896
176,1884
159,1897
153,1892
151,1884
135,1891
132,1888
143,1767
150,1771
162,1766
159,1763
158,1764
169,1784
171,1785
173,1783
174,1803
177,1837
176,1845
178,1859
169,1887
153,1902
154,1905
144,1920
151,1919
164,1920
159,1917
172,1934
176,1938
186,1954
195,1968
203,1967
203,1984
207,1990
212,1991
201,1988
203,2002
213,1996
201,1990
191,1998
197,2012
196,2005
197,1998
204,2000
209,2009
206,2014
210,2032
234,2041
242,2040
260,2058
261,2057
267,2068
274,2078
273,2109
279,2127
282,2118
288,2124
293,2127
301,2112
297,2112
303,2100
301,2113
310,2121
316,2087
323,2073
327,2101
325,2106
321,2097
321,2099
327,2105
339,2101
334,2091
330,2092
311,2084
289,2090
294,2074
291,2065
301,2075
297,2073
304,2072
290,2058
300,2047
300,2063
314,2066
322,2050
332,2031
333,2032
335,2041
335,2022
340,2035
341,2041
347,2036
350,2030
353,2032
379,2045
395,2036
415,2025
448,2020
456,2026
467,2010
460,2007
450,2006
475,1998
482,1988
474,2001
496,1984
499,1980
492,1997
514,1989
545,1971
545,1981
549,2000
562,2012
601,2006
608,2012
627,2017
662,2023
663,2009
666,2010
693,2012
710,2024
718,2010
716,2010
710,2028
714,2035
713,2023
709,2039
720,2027
738,2025
758,2005
790,2016
800,2020
798,2011
814,2012
823,1991
842,2000
858,1992
872,2000
874,1990
870,1997
865,1988
857,1967
850,1964
828,1964
793,1947
766,1971
739,1950
735,1946
746,1923
713,1914
670,1940
665,1917
672,1938
668,1916
668,1896
690,1917
692,1909
704,1915
700,1890
708,1884
705,1902
721,1884
714,1882
718,1889
698,1889
723,1895
716,1885
750,1889
790,1886
792,1890
801,1860
826,1890
833,1894
854,1894
853,1862
843,1861
829,1853
832,1868
844,1847
839,1862
851,1881
869,1877
879,1873
892,1865
889,1879
875,1882
875,1892
885,1910
885,1929
892,1929
892,1941
893,1936
891,1928
900,1916
899,1919
907,1924
902,1926
912,1950
913,1954
914,1963
925,1963
924,1994
934,1973
940,1975
928,2005
915,1994
920,1978
923,1988
915,1992
906,1993
891,2002
872,1995
856,1987
850,1992
843,1971
849,1965
859,1956
858,1925
863,1939
866,1945
848,1929
848,1892
843,1913
843,1920
844,1901
857,1914
850,1912
846,1908
845,1909
852,1920
842,1926
831,1902
840,1886
837,1886
827,1863
837,1894
834,1896
839,1908
836,1875
835,1865
833,1872
836,1882
830,1886
834,1872
836,1902
837,1897
826,1877
822,1881
829,1876
835,1901
833,1891
834,1897
823,1910
812,1908
811,1915
811,1921
813,1924
814,1914
813,1908
805,1931
802,1932
802,1934
804,1915
806,1937
804,1933
812,1934
822,1950
828,1955
828,1952
830,1971
827,1951
830,1957
833,1971
823,1961
823,1971
825,1986
827,1980
819,1989
816,2009
811,2012
800,2013
808,2028
806,2019
802,2043
785,2053
786,2069
778,2070
775,2060
765,2071
753,2094
742,2094
757,2110
764,2124
772,2134
750,2135
742,2111
736,2090
739,2112
729,2124
731,2134
735,2108
728,2129
706,2143
682,2169
672,2164
664,2158
673,2172
688,2167
693,2180
693,2205
670,2217
647,2207
624,2201
595,2204
584,2208
597,2214
598,2209
610,2198
615,2232
599,2245
595,2256
579,2263
546,2250
534,2272
519,2251
531,2241
541,2269
547,2263
520,2271
482,2280
475,2254
456,2220
444,2199
445,2210
430,2179
421,2181
400,2191
378,2199
368,2189
360,2180
353,2176
347,2194
355,2181
353,2188
350,2152
358,2172
352,2180
351,2175
350,2181
349,2200
348,2194
348,2163
340,2168
330,2147
334,2141
316,2135
299,2107
288,2116
274,2120
276,2130
281,2106
270,2097
272,2104
273,2080
274,2071
279,2071
277,2073
275,2068
277,2079
273,2080
246,2088
230,2076
211,2060
202,2052
203,2063
175,2074
175,2060
159,2074
149,2084
152,2074
154,2065
159,2062
139,2035
120,2022
117,2024
121,2027
128,2030
138,2012
132,2014
134,2002
129,1999
132,1997
131,1998
134,1999
141,2002
150,2011
156,1998
156,2027
154,2029
153,2037
160,2033
158,2044
142,2029
140,2062
138,2086
142,2087
148,2086
154,2068
151,2085
146,2071
140,2076
142,2109
141,2121
147,2111
137,2130
142,2152
141,2154
140,2165
134,2165
136,2155
138,2166
136,2144
133,2140
126,2141
123,2140
118,2136
118,2142
118,2140
115,2136
113,2149
109,2169
109,2164
107,2151
109,2145
107,2148
106,2147
103,2127
107,2111
109,2113
110,2118
106,2130
100,2155
102,2142
113,2138
122,2125
120,2130
114,2138
121,2132
119,2132
118,2140
102,2119
91,2115
91,2118
101,2123
106,2139
120,2161
116,2184
117,2192
124,2206
128,2224
130,2231
128,2224
130,2228
125,2213
126,2208
128,2202
129,2196
125,2189
130,2172
137,2169
141,2161
149,2183
148,2194
152,2196
154,2201
154,2217
151,2205
158,2220
162,2198
164,2158
163,2164
166,2197
167,2199
166,2194
160,2204
158,2204
165,2220
168,2207
166,2201
153,2207
147,2219
153,2226
162,2241
163,2246
160,2244
162,2246
153,2233
147,2260
146,2263
148,2248
153,2294
160,2305
164,2296
160,2287
157,2291
146,2298
148,2290
153,2285
153,2294
154,2292
152,2294
153,2282
153,2266
150,2270
154,2252
157,2263
156,2253
156,2243
152,2248
152,2242
153,2227
159,2206
162,2206
166,2200
170,2196
172,2210
174,2199
180,2193
186,2196
191,2182
196,2180
201,2166
206,2169
210,2166
212,2142
212,2135
211,2116
212,2117
209,2119
206,2111
203,2102
205,2114
199,2107
203,2115
200,2109
200,2094
202,2099
203,2099
196,2095
184,2114
198,2101
200,2089
197,2092
196,2079
186,2084
193,2075
192,2085
193,2095
193,2100
195,2104
177,2089
173,2112
168,2109
168,2108
167,2117
166,2107
166,2096
162,2092
162,2094
162,2071
161,2066
161,2066
162,2045
162,2041
161,2045
158,2032
157,2026
156,2027
155,2023
155,2028
155,2017
152,2011
148,2012
146,2005
143,2004
142,2025
140,2025
137,2045
133,2036
131,2052
128,2042
126,2033
124,2028
122,2035
120,2032
114,2021
114,2020
108,2022
96,2010
97,2017
96,2015
94,2026
92,2018
90,2013
88,2021
86,2012
81,2015
78,2004
76,1998
76,1989
75,1995
74,1985
74,1984
73,1979
70,1984
71,1985
71,2001
71,2007
69,2011
66,2022
65,1998
64,1992
64,1987
62,1980
58,1981
58,1981
57,1971
59,1976
61,1982
60,1983
58,1976
57,1966
57,1978
54,1963
51,1953
47,1936
45,1945
42,1931
42,1937
38,1940
38,1937
37,1948
38,1947
38,1951
36,1930
35,1924
32,1912
31,1924
27,1916
23,1922
21,1903
21,1924
21,1913
23,1918
23,1917
24,1925
23,1922
24,1911
24,1919
22,1911
18,1916
16,1914
15,1908
15,1907
15,1891
15,1893
15,1905
14,1878
10,1878
9,1870
13,1841
16,1845
16,1833
14,1824
13,1799
12,1807
11,1784
11,1788
11,1788
10,1799
9,1799
8,1795
9,1773
9,1765
9,1774
9,1778
8,1785
7,1789
7,1786
7,1784
6,1782
6,1766
6,1784
5,1768
5,1781
5,1761
5,1759
5,1755
4,1760
3,1757
3,1751
3,1754
3,1741
2,1753
1,1744
2,1735
1,1731
1,1731
1,1743
1,1743
1,1736
1,1741
1,1743
1,1736
0,1739
0,1741
0,1732
0,1723
0,1734
0,1742
0,1737
0,1742
0,1749
0,1745
0,1750
0,1749
0,1759
0,1741
0,1753
0,1758
0,1751
0,1748
0,1744
0,1747
0,1737
0,1735
0,1738
0,1737
0,1742
0,1733
0,1722
0,1729
0,1732
0,1735
0,1720
0,1728
0,1728
0,1730
0,1740
0,1743
0,1744
0,1740
0,1746
0,1746
0,1743
0,1744
0,1755
0,1756
0,1779
0,1773
0,1798
0,1804
0,1801
0,1799
0,1809
0,1801
0,1810
0,1818
0,1817
0,1820
0,1830
0,1828
0,1833
0,1830
0,1827
0,1836
0,1824
0,1838
0,1852
0,1858
0,1850
0,1850
0,1851
0,1850
0,1848
0,1847
0,1835
0,1846
0,1828
0,1822
0,1827
0,1831
0,1829
0,1825
0,1818
0,1816
0,1819
0,1803
0,1810
0,1820
0,1811
0,1800
0,1820
0,1817
0,1818
0,1823
0,1820
0,1819
0,1815
0,1813
0,1820
0,1835
0,1825
0,1831
0,1832
0,1828
0,1831
0,1835
0,1829
0,1830
0,1818
0,1825
0,1821
0,1825
0,1830
0,1840
0,1832
0,1839
0,1850
0,1849
0,1858
0,1851
0,1852
0,1846
0,1858
0,1861
0,1866
0,1867
0,1859
0,1871
0,1863
0,1868
0,1866
0,1863
0,1877
0,1881
0,1879
0,1879
0,1876
0,1879
0,1873
0,1872
0,1878
0,1877
0,1877
0,1885
0,1878
0,1883
0,1884
0,1883
0,1874
0,1882
0,1886
0,1884
0,1894
0,1892
0,1891
0,1887
0,1892
0,1900
0,1888
0,1899
0,1886
0,1879
0,1887
0,1882
0,1885
0,1884
0,1887
0,1890
0,1883
0,1882
0,1886
0,1878
0,1884
0,1874
0,1873
0,1879
0,1868
0,1860
